barcode,pca_kmeans,umap_kmeans
AAACAAGTATCTCCCA-1,4,0
AAACAATCTACTAGCA-1,5,5
AAACACCAATAACTGC-1,6,1
AAACAGAGCGACTCCT-1,7,2
AAACAGCTTTCAGAAG-1,0,5
AAACAGGGTCTATATT-1,1,5
AAACAGTGTTCCTGGG-1,6,1
AAACATTTCCCGGATT-1,4,0
AAACCCGAACGAAATC-1,4,0
AAACCGGGTAGGTACC-1,1,6
AAACCGTTCGTCCAGG-1,1,1
AAACCTAAGCAGCCGG-1,7,3
AAACCTCATGAAGTTG-1,3,7
AAACGAAGAACATACC-1,4,6
AAACGAGACGGTTGAT-1,0,5
AAACGGGCGTACGGGT-1,7,2
AAACGGTTGCGAACTG-1,0,5
AAACTCGGTTCGCAAT-1,0,5
AAACTCGTGATATAAG-1,5,0
AAACTGCTGGCTCCAA-1,0,5
AAACTTAATTGCACGC-1,6,1
AAACTTGCAAACGTAT-1,0,5
AAAGACATGAAGTTTA-1,4,0
AAAGACCCAAGTCGCG-1,5,6
AAAGACTGGGCGCTTT-1,7,2
AAAGGCCCTATAATAC-1,6,1
AAAGGCTACGGACCAT-1,0,5
AAAGGCTCTCGCGCCG-1,1,5
AAAGGGATGTAGCAAG-1,3,7
AAAGGGCAGCTTGAAT-1,5,2
AAAGGTAAGCTGTACC-1,5,4
AAAGTAGCATTGCTCA-1,6,1
AAAGTCACTGATGTAA-1,4,4
AAAGTCGACCCTCAGT-1,3,7
AAAGTGTGATTTATCT-1,7,3
AAAGTTGACTCCCGTA-1,7,7
AAATAACCATACGGGA-1,7,4
AAATAAGGTAGTGCCC-1,4,0
AAATACCTATAAGCAT-1,3,7
AAATAGCTTAGACTTT-1,4,2
AAATAGGGTGCTATTG-1,3,7
AAATCCGATACACGCC-1,7,3
AAATCGTGTACCACAA-1,1,3
AAATCTAGCCCTGCTA-1,5,0
AAATGATTCGATCAGC-1,4,4
AAATGCTCGTTACGTT-1,4,6
AAATGGCATGTCTTGT-1,7,2
AAATGGCCCGTGCCCT-1,6,1
AAATGGTCAATGTGCC-1,0,5
AAATGTGGGTGCTCCT-1,5,6
AAATTAACGGGTAGCT-1,0,5
AAATTACACGACTCTG-1,7,3
AAATTACCTATCGATG-1,7,2
AAATTGATAGTCCTTT-1,6,1
AAATTGCGGCGGTTCT-1,5,6
AAATTTACCGAAATCC-1,4,0
AAATTTGCGGGTGTGG-1,6,1
AACAACTGGTAGTTGC-1,3,2
AACAATACATTGTCGA-1,6,1
AACAATTACTCTACGC-1,7,3
AACACACGCTCGCCGC-1,7,3
AACACGACTGTACTGA-1,7,2
AACACGAGACGCGGCC-1,1,6
AACACGCGGCCGCGAA-1,5,7
AACAGCTGTGTGGCAA-1,6,1
AACAGGAAATCGAATA-1,3,7
AACAGGATGGGCCGCG-1,3,2
AACAGGTAGTATGGAT-1,4,0
AACATATCAACTGGTG-1,7,2
AACATCGATACGTCTA-1,5,6
AACATTGAAGTTGATC-1,6,1
AACATTGGTCAGCCGT-1,5,6
AACATTGTGACTCGAG-1,1,5
AACCAAGACTTCTCTG-1,3,7
AACCAGTATCACTCTT-1,4,0
AACCATAGGGTTGAAC-1,6,1
AACCATGGGATCGCTA-1,5,2
AACCCAGAGACGGAGA-1,4,3
AACCCATCCCATGATC-1,6,1
AACCCGACAACCCGTG-1,1,1
AACCCGAGCAGAATCG-1,4,2
AACCCTACTGTCAATA-1,7,2
AACCCTGGTGGAACCA-1,4,0
AACCGAGCTTGGTCAT-1,3,2
AACCGCTAAGGGATGC-1,7,3
AACCGTTGTGTTTGCT-1,7,3
AACCTAAAGCCGTCCG-1,4,0
AACCTCGCTTTAGCCC-1,7,4
AACCTTTAAATACGGT-1,0,5
AACCTTTACGACGTCT-1,7,3
AACGAAAGTCGTCCCA-1,6,1
AACGATAATGCCGTAG-1,0,5
AACGATAGAAGGGCCG-1,7,3
AACGATATGTCAACTG-1,3,7
AACGCATGATCTGGGT-1,4,0
AACGCGACCTTGGGCG-1,0,5
AACGCGGTCTCCAGCC-1,7,6
AACGCTGTTGCTGAAA-1,7,3
AACGGACGTACGTATA-1,7,7
AACGGCCATCTCCGGT-1,6,1
AACGTACTGTGGGTAC-1,6,1
AACGTAGTCTACCCAT-1,2,4
AACGTCAGACTAGTGG-1,7,2
AACGTGATGAAGGACA-1,7,3
AACGTGCGAAAGTCTC-1,0,5
AACTACCCGTTTGTCA-1,4,0
AACTAGCGTATCGCAC-1,5,6
AACTAGGCTTGGGTGT-1,0,6
AACTCAAGTTAATTGC-1,1,5
AACTCCAGAGCGTGTT-1,4,0
AACTCCTAATCCCATG-1,0,6
AACTCGATAAACACGT-1,5,6
AACTCGATGGCGCAGT-1,5,6
AACTCTCAATAGAGCG-1,3,7
AACTCTCAGTGTGCTC-1,1,1
AACTGATATTAGGCCT-1,3,7
AACTGGGTCCCGACGT-1,3,7
AACTGGGTTCGAGCCG-1,4,0
AACTGGTGTGGGCCTT-1,5,6
AACTTCTGCGTCTATC-1,5,0
AACTTGCCCGTATGCA-1,3,3
AACTTGCGTTCTCGCG-1,5,6
AACTTTAGCTGCTGAG-1,5,2
AAGAAGGATCAGTTAG-1,5,6
AAGACATACGTGGTTT-1,0,5
AAGACCAAATAACTCA-1,6,1
AAGACCCAACTGAACA-1,1,5
AAGACTAACCCGTTGT-1,5,6
AAGACTCACGCCCACT-1,2,4
AAGACTGCAAGCTACT-1,0,5
AAGAGATGAATCGGTA-1,7,2
AAGAGCTCTTTATCGG-1,0,5
AAGAGGATGTACGCGA-1,0,6
AAGAGGCATGGATCGC-1,3,7
AAGAGGCCCTTTGGAA-1,4,0
AAGATGGCACCGGACC-1,6,1
AAGATTGGCGGAACGT-1,7,2
AAGCACCCTGCGTATC-1,0,7
AAGCATACTCTCCTGA-1,0,5
AAGCCGAAGCGGTTTA-1,4,0
AAGCCGCCGTGAAATC-1,6,1
AAGCGCAGGGCTTTGA-1,3,7
AAGCGGCGTCATGGGT-1,4,0
AAGCGTCCCTCATCGA-1,1,1
AAGCTAGATCGAGTAA-1,0,5
AAGCTCGTGCCAAGTC-1,0,6
AAGCTCTTTCATGGTG-1,3,7
AAGGAGAACTTATAAG-1,5,6
AAGGAGCGGTTGGTGC-1,3,5
AAGGATCGATCGCTTG-1,4,0
AAGGATGAGGGACCTC-1,3,7
AAGGCAGGCTGTCTCC-1,4,2
AAGGCGCGTAAAGCTT-1,3,7
AAGGCTGTGCTCATCG-1,0,5
AAGGGAACGACTGGCT-1,6,1
AAGGGACAGATTCTGT-1,3,7
AAGGGACTATGCATTC-1,6,1
AAGGTATCCTAATATA-1,2,4
AAGGTGATAAACCAGC-1,7,3
AAGTAAGCTTCCAAAC-1,4,6
AAGTAGAAGACCGGGT-1,7,3
AAGTAGTGACGCGAGG-1,3,2
AAGTCAATTGTCGTCA-1,7,3
AAGTGACGACCGAATT-1,0,5
AAGTGAGTCGGGTTTA-1,1,1
AAGTGCAAAGGTAGAC-1,7,2
AAGTGCCTTGACTGTA-1,4,0
AAGTGCGTTAGAATCT-1,6,1
AAGTGCTTCTCTATTG-1,6,1
AAGTGTTTGGAGACGG-1,3,7
AAGTTCACTCCAAGCT-1,7,3
AAGTTCAGTCTGCGTA-1,4,0
AAGTTCGGCCAACAGG-1,6,1
AAGTTGTGATGTTATA-1,5,3
AAGTTTACTAATGGCA-1,4,0
AAGTTTATGGGCCCAA-1,3,7
AATAACAACGCTCGGC-1,2,4
AATAACACTAGAACAA-1,1,1
AATAAGTCCTCGAGAC-1,7,2
AATACAATGTTTCAGG-1,7,2
AATACCGGAGGGCTGT-1,6,1
AATACCTGATGTGAAC-1,4,6
AATAGAACAGAGTGGC-1,6,1
AATAGAATCTGTTTCA-1,3,3
AATAGCTACCGCGTGC-1,4,0
AATAGTCCGTCCCGAC-1,1,5
AATATCAAGGTCGGAT-1,5,6
AATATCGAATCAATGC-1,4,4
AATATCGAGGGTTCTC-1,7,3
AATATTGGAGTATTGA-1,3,7
AATCAGACTGCAGGAC-1,5,2
AATCATGTAAAGACTC-1,4,0
AATCCAAGGGCCTGAG-1,4,0
AATCCATGCAAGGGTG-1,1,6
AATCGCCTCAGCGCCA-1,3,7
AATCGCGCAGAGGACT-1,4,0
AATCGGGACACTACGA-1,0,2
AATCGGTATAGCCCTC-1,7,6
AATCGTGAGCCGAGCA-1,7,2
AATCTAGGTTTACTTG-1,6,1
AATCTATGCCGGAGCC-1,4,0
AATCTCTACTGTGGTT-1,5,2
AATCTGCGTTGGGACG-1,3,7
AATCTGGCTTTCTAGT-1,6,1
AATCTGGGTAGACCCT-1,4,0
AATGACAGCAATGTCT-1,1,1
AATGACGTAGGATGTC-1,0,5
AATGACTGTCAGCCGG-1,3,4
AATGAGTTCGCATATG-1,1,6
AATGATGATACGCTAT-1,7,3
AATGATGCGACTCCTG-1,7,4
AATGCAACCGGGTACC-1,0,5
AATGCACCAAGCAATG-1,7,2
AATGGTCCACCGTTCA-1,7,2
AATGGTTCTCACAAGC-1,7,0
AATGTATGGCACTGTA-1,6,1
AATGTGCCCGAGGTGT-1,6,1
AATGTGCTAATCTGAG-1,6,1
AATTAAAGGTCGGCGT-1,1,5
AATTAACGGATTTCCA-1,0,5
AATTACGAGACCCATC-1,1,6
AATTACTCGTACGCTC-1,5,6
AATTAGCGCTGCAGCG-1,0,5
AATTCATAAGGGATCT-1,3,7
AATTCATTGTCATGCA-1,6,7
AATTCCAAGCATGTAC-1,0,5
AATTCGATTCGAGGAT-1,3,7
AATTCTAGAGTTAGGC-1,0,5
AATTGAACGCTCTGGT-1,3,7
AATTGCAGCAATCGAC-1,4,0
AATTGCGTGGATTACA-1,6,1
AATTTGGGACATAGTA-1,7,3
AATTTGGTTCCAAAGA-1,7,3
ACAAACCATGCGTCCT-1,6,1
ACAAACCGACAAGGCG-1,4,0
ACAAAGCATGACCTAG-1,4,2
ACAAATCGCACCGAAT-1,3,7
ACAAATGGTAGTGTTT-1,3,7
ACAAATTCAGATCTGA-1,4,6
ACAACAGCATGAGCTA-1,0,4
ACAACGGTCCCTGCGA-1,7,0
ACAAGCAGTGCCTAGC-1,3,7
ACAAGGAAATCCGCCC-1,0,5
ACAAGGACAAGAGGTT-1,3,7
ACAAGGATGCTTTAGG-1,7,3
ACAAGGGCAGGCTCTG-1,0,5
ACAATAGTCGTACGTT-1,0,5
ACAATCCATTTAAACC-1,0,6
ACAATCGATCTTTATA-1,5,6
ACAATGAATACGGAGA-1,6,1
ACAATTGTGTCTCTTT-1,7,3
ACAATTTGAGCAGTGG-1,3,7
ACACAAAGACGGGTGG-1,3,7
ACACACCAGGACCAGT-1,3,7
ACACACTTTCTACACG-1,7,2
ACACATGATCAAATCT-1,6,1
ACACATTGACGCAACA-1,5,5
ACACCCAGCATGCAGC-1,3,3
ACACCCGAGAAATCCG-1,7,2
ACACCGGTCTGACCGC-1,6,1
ACACCTTAAGTAGGGC-1,3,2
ACACCTTACTACTTGC-1,7,0
ACACGAGACTCCTTCT-1,0,5
ACACGGCACTATGCAT-1,7,0
ACACGGGAACTTAGGG-1,0,5
ACACGTAGGCCACAAG-1,4,0
ACACTCCAATGTCACT-1,4,4
ACACTGATCAAGGTGT-1,6,1
ACACTGGGACAGTCGT-1,0,5
ACAGAACTGAGAACAA-1,6,1
ACAGATTAGGTTAGTG-1,4,2
ACAGCATAGAGCCAGT-1,7,3
ACAGCGACATTCTCAT-1,4,0
ACAGCGCACCCGCAGC-1,7,2
ACAGGCTTGCCCGACT-1,7,2
ACAGGTGGAGGTGAGG-1,6,1
ACAGTAATACAACTTG-1,1,6
ACATAAGTCGTGGTGA-1,6,1
ACATAATAAGGCGGTG-1,3,3
ACATCAGCTGGGACGC-1,3,5
ACATCCCGGCCATACG-1,1,1
ACATCCTGGTAACTGT-1,7,3
ACATCGATCGTTTACC-1,1,1
ACATCGGTCAGCCGCG-1,0,6
ACATCGTATGCAATGG-1,3,3
ACATCGTTAACCTAGT-1,7,6
ACATCTCAACGCGTAA-1,4,3
ACATGGCGCCAAAGTA-1,7,0
ACATGGCTCAATTTAG-1,5,6
ACATTAGTTTATATCC-1,0,7
ACCAAACTAGAAATCC-1,4,2
ACCAACACCACACACT-1,4,4
ACCAACCGCACTCCAC-1,4,0
ACCAACGCTTATTTAT-1,6,1
ACCAAGAACGCGTGTC-1,4,4
ACCAATATGCAAGTTA-1,3,7
ACCACAACTCAGAACA-1,4,0
ACCACAAGTTTCTATC-1,0,7
ACCACCAATGTAACAA-1,4,0
ACCACGTGCAGCTATA-1,0,2
ACCACTGTTCAAGAAG-1,5,6
ACCAGCCCGGTCTTTG-1,4,3
ACCAGGAGTGTGATCT-1,5,2
ACCAGTGCCCGGTCAA-1,5,0
ACCAGTGCGGGAGACG-1,7,3
ACCATATCCGCAATAA-1,0,5
ACCATCCGCCAACTAG-1,0,5
ACCATCGTATATGGTA-1,1,0
ACCCAACGCCCGTGGC-1,3,7
ACCCACCTACATGCTC-1,7,2
ACCCATCTTGAGGGTA-1,0,5
ACCCATTTGTCCCTCT-1,4,0
ACCCGAGCGAAATTAC-1,6,1
ACCCGGAAACTCCCAG-1,0,5
ACCCGGATGACGCATC-1,7,2
ACCCGGTTACACTTCC-1,1,1
ACCCGTGTCATCAGTA-1,0,5
ACCCTATAGGACTGAG-1,5,6
ACCCTATGCCATATCG-1,6,1
ACCCTCCCTTGCTATT-1,3,7
ACCCTTCATCTGCGAA-1,7,2
ACCCTTTAGTTCTCCA-1,4,0
ACCGAAAGGGCCCTGC-1,4,0
ACCGAAGAGTCTGGTT-1,6,1
ACCGACACATCTCCCA-1,0,2
ACCGACTGAGTCCCAC-1,0,7
ACCGATGGTAGCATCG-1,3,7
ACCGCAATAACTGCCT-1,3,7
ACCGCGGTGGAAGTCG-1,4,0
ACCGGGCCTTTGTTGA-1,7,3
ACCGGTCAGGTACACC-1,6,1
ACCGGTCTGAGTACGG-1,0,5
ACCGTCCACTGGGCCC-1,6,1
ACCGTGACCACGTGGG-1,6,1
ACCGTTCCCGCTCTGA-1,4,2
ACCTAAGTACCTTTCA-1,6,1
ACCTAATCGACTTCCT-1,3,4
ACCTACAGTATGTGGT-1,4,0
ACCTACTATAAATCTA-1,0,5
ACCTCCGCCCTCGCTG-1,4,0
ACCTCCGTTATTCACC-1,4,0
ACCTCGAACTTATGCT-1,6,1
ACCTGCGTGTCATGTT-1,0,2
ACCTTTCCTTTAGAAG-1,5,6
ACGAAATGGGCGGCAC-1,7,0
ACGACTGGTCATACTC-1,6,1
ACGAGAACCCATCACG-1,5,2
ACGAGATATTTGCTTA-1,7,1
ACGAGGATACCACTCT-1,6,6
ACGAGGTTTACAACGT-1,6,1
ACGAGTACGGATGCCC-1,4,0
ACGATACATAGAACTA-1,3,4
ACGATCATACATAGAG-1,0,5
ACGATCATCTTGTAAA-1,7,3
ACGATGCATATGTTAT-1,0,5
ACGATGGATCCGATGC-1,7,3
ACGCAAACTAATAGAT-1,1,5
ACGCAATCACTACAGC-1,4,4
ACGCATACGTTTACTA-1,4,2
ACGCATTCGTGAGTAC-1,0,5
ACGCCAGATGATTTCT-1,3,7
ACGCCCAGCTGTCGAT-1,4,0
ACGCCGCTAGACGACC-1,0,5
ACGCGAAGTCAGACGA-1,1,1
ACGCGCTACACAGGGT-1,0,5
ACGCGGGCCAAGGACA-1,0,5
ACGCTAGTGATACACT-1,7,0
ACGCTGTGAGGCGTAG-1,3,4
ACGCTTAGTGTCTCTC-1,4,0
ACGGAATTTAGCAAAT-1,4,3
ACGGACTCTCAAAGCG-1,7,2
ACGGAGCGCAAATTAC-1,4,4
ACGGATGGTGCGGATA-1,3,7
ACGGCACTTGCTTGGG-1,1,6
ACGGCCAACATGGACT-1,1,1
ACGGCGACGATGGGAA-1,3,7
ACGGCGGGTTGCCCTG-1,5,6
ACGGCTGGATGTAGAA-1,6,1
ACGGGAGTGTCGGCCC-1,1,6
ACGGGTCATGTGACTT-1,5,6
ACGTACAGATTTCTCT-1,4,0
ACGTAGATTGCTGATG-1,0,5
ACGTATTACTCCGATC-1,7,0
ACGTCCTAAACGAGAT-1,4,6
ACGTGCGCCTCGTGCA-1,3,2
ACGTGGTCGAATGTGC-1,4,0
ACGTTAATGTCGAAGA-1,0,5
ACGTTAGATTTGCCCG-1,0,5
ACGTTCCGCGCTCCGT-1,5,6
ACGTTCGCAATCAATT-1,4,4
ACGTTCGTTCAGGAAA-1,6,1
ACGTTCTGTACAAGTC-1,7,0
ACGTTTAGTTGTGATC-1,7,2
ACTAATACGTCAGGCG-1,4,2
ACTACATCCCGACAAG-1,6,1
ACTACCAGCTCTCTGG-1,5,5
ACTACGCGTTAGAATT-1,0,2
ACTAGTTGCGATCGTC-1,2,4
ACTATATGCTGTGTTC-1,4,0
ACTATCCAGGGCATGG-1,4,4
ACTATCTGCCCGCGTA-1,5,0
ACTATGTCCAGCTGCC-1,6,1
ACTATTCGTCCGTGGT-1,7,3
ACTATTTCCGGGCCCA-1,6,1
ACTCAACGAATGTATT-1,5,4
ACTCAAGTGCAAGGCT-1,7,3
ACTCAATAAAGGCACG-1,0,5
ACTCAGACCTGCTTCT-1,4,0
ACTCATGGCAGCCTTC-1,6,1
ACTCCAATATCATCAT-1,6,1
ACTCCCATTCCTAAAG-1,4,0
ACTCCCGAATTCGTTT-1,2,4
ACTCCCTAATGCTAAA-1,3,7
ACTCCCTAGAATAGTA-1,0,2
ACTCGCCGTTCGATAA-1,0,5
ACTCGTAACCCGTCCT-1,6,1
ACTCGTCAGTAATCCC-1,3,7
ACTCTCTGACTTAGGT-1,7,4
ACTCTCTTATACACGA-1,4,0
ACTCTTGTATAGTAAC-1,0,5
ACTGAAACGCCGTTAG-1,7,3
ACTGAATGGCGAAAGT-1,3,7
ACTGATTTAGTGATTC-1,4,0
ACTGCCCGCCATTCTC-1,1,1
ACTGCCGTCGTAACTC-1,3,7
ACTGCTCGGAAGGATG-1,1,1
ACTGTACGATACACAT-1,3,7
ACTGTAGCACTTTGGA-1,3,2
ACTGTATACGCGAGCA-1,5,2
ACTGTCCAGGATTATA-1,0,6
ACTGTCTTCTTTAGAA-1,3,7
ACTGTGCTAGTAGATC-1,4,0
ACTGTTTAGTGTAGGC-1,5,6
ACTTACCGGGCGCGCA-1,4,0
ACTTACGCATCCACGC-1,3,7
ACTTAGTACGACAAGA-1,4,3
ACTTATACTTACCCGG-1,3,7
ACTTATCTGATCTATA-1,4,6
ACTTATTAGGATCGGT-1,1,5
ACTTATTTATGTGCCA-1,7,3
ACTTCAGGCTGATCCC-1,3,7
ACTTCCATGCGGGACA-1,7,3
ACTTCGCCATACGCAC-1,3,7
ACTTGACTCCCTCTTT-1,0,5
ACTTGCCATATTGTAC-1,4,3
ACTTGGGACCCGGTGG-1,0,5
ACTTGTAGTCCCTTCA-1,0,5
ACTTGTGGATGGAACG-1,4,4
ACTTTACCCTCATGAA-1,4,0
ACTTTCCTATAGCTTC-1,0,5
ACTTTGACTGCATCCT-1,3,7
ACTTTGGTCGTGCTCC-1,6,1
AGAAATTATGACTCGC-1,4,4
AGAACCCTCAATTGGG-1,6,1
AGAACGTGGTACATTC-1,3,7
AGAAGAGCGCCGTTCC-1,3,7
AGAAGGTACACTTCAC-1,6,1
AGAAGGTTGCCGAATT-1,1,5
AGAAGGTTGTAGGTCG-1,3,7
AGAAGTGATTCGTGAT-1,1,1
AGAATAAATCTTCAGG-1,3,7
AGAATGCGGGTTCGGA-1,5,6
AGAATTATGGATTCGA-1,7,2
AGAATTGTTTGACATA-1,5,6
AGACATAGATCCTTCC-1,4,6
AGACCAAACCACACCT-1,1,1
AGACCATGGGATACAA-1,7,3
AGACCCACCGCTGATC-1,0,7
AGACCCGCCCTCCTCG-1,0,2
AGACCGCTCCGCGGTT-1,4,0
AGACCGGGAAACCCTG-1,0,5
AGACGAAGTGCCGGTC-1,7,3
AGACGACGATGCCGCT-1,6,1
AGACGGGATTGGTATA-1,4,0
AGACGGGCCGATTTAA-1,4,4
AGACTAGCCTTCCAGA-1,0,2
AGACTGTTACCGGGTC-1,6,1
AGAGAAACACCAGAAA-1,6,1
AGAGAACCGTCTAGGA-1,3,2
AGAGAAGGAGTACAAT-1,1,1
AGAGATCTCTAAAGCG-1,3,7
AGAGCAGTTATGAGAC-1,7,0
AGAGCCGCCGAGATTT-1,4,3
AGAGCGGGCTAATCAT-1,3,7
AGAGCGTACAAGCTCG-1,7,2
AGAGGCTTCGGAAACC-1,4,0
AGAGGTATCTCGGTCC-1,5,4
AGAGTAAACTTCACTA-1,7,2
AGAGTTAGAGACCGAT-1,4,0
AGATAACTTCAGGGCC-1,0,2
AGATACCGGTGTTCAC-1,0,2
AGATACGACTTCATAT-1,4,0
AGATACTCAAGATCGA-1,3,7
AGATATAATACGACTA-1,3,7
AGATCGTGCATAAGAT-1,4,0
AGATCTCAGGTGTGAT-1,0,5
AGATGACTCGCCCACG-1,3,2
AGATGAGGGTTGCGAT-1,4,2
AGATGATGGAGTCTGG-1,7,2
AGATGCAAGACGTGCA-1,6,1
AGATGCTATAACGAGC-1,5,2
AGATTATAGGACGTTT-1,0,5
AGATTCACAACCGATA-1,1,1
AGCAAAGGCCGCTAGT-1,3,7
AGCAACATATCTTATT-1,7,3
AGCAACCGAAAGTAAT-1,6,1
AGCACACGTTTAGACT-1,6,1
AGCACCAGTACTCACG-1,0,5
AGCACTACCGGCCTGT-1,3,7
AGCACTACCTCACCAG-1,3,7
AGCACTTAAGGACGCC-1,3,7
AGCAGAAGGAGAAAGA-1,0,2
AGCAGCCAGATGAATA-1,1,1
AGCATATCAATATGCT-1,7,3
AGCATCATTTCGAAAG-1,6,1
AGCATCGTCGATAATT-1,3,7
AGCATTACGAGGCAAG-1,0,5
AGCCAAGCTTTGTGTC-1,0,5
AGCCACAGGTTACCCG-1,7,0
AGCCACTCCCGTGCTT-1,3,7
AGCCCATACATGTAAG-1,0,5
AGCCCGGCATTAGAGG-1,6,1
AGCCCGGTAGCCTGTA-1,1,1
AGCCCTAAGCGAAGTT-1,7,2
AGCCCTCCCTGGTGGC-1,6,1
AGCCCTTCTAATCCGA-1,4,0
AGCCGTGGCTAAATGT-1,6,1
AGCCTAATACCCACGT-1,1,1
AGCCTTAAAGCGGAAG-1,4,4
AGCGACAGGAACGGTC-1,6,1
AGCGACATCCCATTCA-1,3,7
AGCGACCAACGATATT-1,3,2
AGCGAGACGTGAAGGC-1,6,1
AGCGATGCGCCTAATA-1,4,4
AGCGCATAATGAATCG-1,0,5
AGCGCGGGTGCCAATG-1,7,2
AGCGCTTATGGGCAAG-1,4,0
AGCGGACACTTCGTAG-1,0,7
AGCGGCGGTTAGCGGT-1,6,1
AGCGGGAAGGGTCCAT-1,4,6
AGCGGGTCTGACACTC-1,0,5
AGCGGTTGAGATGTAC-1,4,0
AGCGTAGCGCTAGACC-1,7,2
AGCGTCTGAACCCGCA-1,5,6
AGCGTGGTATTCTACT-1,0,3
AGCGTTCCGATTTAAA-1,4,0
AGCTAACAAGCAATGT-1,6,1
AGCTAAGTACGCAGGC-1,7,3
AGCTAGAAGCAGAAGT-1,7,2
AGCTATTTAATCCAAC-1,3,7
AGCTCCATATATGTTC-1,4,3
AGCTCCTTCGCACATC-1,7,6
AGCTCTAGACGTTCCA-1,4,2
AGCTCTTCCCAGTGCA-1,7,2
AGCTCTTCGTAACCTT-1,7,2
AGCTCTTTACTCAGTT-1,1,1
AGCTGAAGTAAACCAA-1,7,3
AGCTGTAACCTCAATC-1,6,1
AGCTTATAGAGACCTG-1,1,5
AGCTTCAATACTTTGA-1,4,2
AGCTTGATCTTAACTT-1,1,6
AGGAAAGCCTCTGATG-1,5,6
AGGAAGCTGTCCGCCG-1,0,6
AGGACAGTCGAATCCC-1,3,3
AGGACATCGCACGTCG-1,7,3
AGGACGACCCATTAGA-1,1,1
AGGACGCTCGATGTTG-1,7,2
AGGAGGCCTTCGCGCG-1,7,0
AGGATAAAGTCGGGAT-1,0,5
AGGATATAGGGATTTA-1,7,3
AGGATCACGCGATCTG-1,1,5
AGGCAAAGAGGAATCA-1,5,6
AGGCACGTGACTGTCC-1,1,6
AGGCAGATGCGTAAAC-1,7,7
AGGCAGGGAGCGTACT-1,1,1
AGGCATTGTCGTAGGG-1,7,3
AGGCCACCCGTTATGA-1,3,2
AGGCCCATTGTACAGG-1,7,3
AGGCCCTAGAACGCCA-1,1,5
AGGCCTGAGAATCTCG-1,7,3
AGGCGGTTTGTCCCGC-1,6,1
AGGCGTCTATGGACGG-1,5,6
AGGCTATGGTTAGCTT-1,4,0
AGGCTTCCCGAAGAAG-1,6,1
AGGCTTGCTAGACACC-1,4,6
AGGGAAACGAGGTACT-1,7,0
AGGGACAGCACGGCGG-1,5,6
AGGGACCGGCTGCGTT-1,4,6
AGGGACTCTACGCGAC-1,1,6
AGGGAGACATACTTCG-1,4,0
AGGGCAGCGGCGTGGT-1,7,2
AGGGCGAGCAGCTGAT-1,0,6
AGGGCGTGATCGGCTA-1,7,2
AGGGCTGCAGTTACAG-1,0,7
AGGGTCAGAGCACTCG-1,1,1
AGGGTCGATGCGAACT-1,7,3
AGGGTGCCGTTCTTTA-1,6,1
AGGGTGCTCTCGAGGG-1,3,7
AGGGTGGATAGTGCAT-1,7,2
AGGGTTCCCTTTGGTT-1,3,7
AGGGTTTAGTTCGGGA-1,5,6
AGGTAACCTCCTATTC-1,5,0
AGGTACGATATTGCCA-1,7,2
AGGTAGATCGAGATAT-1,6,1
AGGTAGGTACAAAGCT-1,0,7
AGGTATAATTGATAGT-1,4,0
AGGTCAGGTGAGAGTG-1,0,5
AGGTCGCCACTTCGGT-1,4,2
AGGTCGCGGAGTTACT-1,7,3
AGGTGGTGACCTTCGC-1,0,5
AGGTGTATCGCCATGA-1,3,3
AGGTTACACCATGCCG-1,4,6
AGGTTCTCCTTTCCGG-1,6,1
AGGTTGAGGCACGCTT-1,3,7
AGGTTTCACACACCTT-1,0,6
AGTAACGTTCATCCTG-1,4,4
AGTAACTATAGCAGCC-1,5,6
AGTAATGTCTTGCCGC-1,3,6
AGTAATTTGCAAGCGT-1,1,1
AGTACATCATTTATCA-1,4,0
AGTACCTTCGAGTGCT-1,5,6
AGTACGGCCCGTATCG-1,3,7
AGTACGGGCACCTGGC-1,3,7
AGTACGTGGCCTGTCT-1,4,6
AGTACTCTTATGCCCA-1,7,3
AGTAGAAGGCGCCTCA-1,0,5
AGTAGCGTGAACGAAC-1,4,0
AGTAGCTAGACGCCGA-1,5,6
AGTAGGAAGGAAGTTG-1,7,2
AGTAGGTAACATACAT-1,4,0
AGTATAATACTAGGCA-1,7,2
AGTATACACAGCGACA-1,1,1
AGTATCCATAATAACG-1,5,6
AGTATGCTGGAGACCA-1,6,1
AGTATTTGGCACGACC-1,1,5
AGTCAAATGATGTGAT-1,6,1
AGTCAACACCACCATC-1,1,1
AGTCAAGATGACACTT-1,7,3
AGTCACTAGCTCTCGA-1,4,0
AGTCACTCCGCCTCAT-1,5,7
AGTCAGCCACCGCCTG-1,4,0
AGTCCAGCGGGTACGT-1,4,0
AGTCCATTGGCTGATG-1,7,0
AGTCCCGCCTTTAATT-1,7,3
AGTCGACGGTCTCAAG-1,3,7
AGTCGGCCCAAACGAC-1,7,2
AGTCGGCTCAACTTTA-1,6,1
AGTCGGTTGCGTGAGA-1,4,0
AGTCGTATAAAGCAGA-1,3,7
AGTCGTCGACCACCAA-1,7,0
AGTCGTGGGCATTACG-1,6,1
AGTCTAAAGTATACTC-1,4,0
AGTCTCACAAGACTAC-1,6,1
AGTCTGGACATCCTTG-1,7,2
AGTCTTCTCCTCAAAT-1,0,5
AGTCTTTAAAGTGTCC-1,3,7
AGTGAACAAACTTCTC-1,7,0
AGTGACCTACTTTACG-1,1,1
AGTGACTGTGACACAA-1,6,1
AGTGAGACTTCCAGTA-1,3,7
AGTGAGCCTCGCCGCC-1,7,3
AGTGAGGGTTTCTGAC-1,4,0
AGTGATAACCTGCGCG-1,7,3
AGTGATATGAGTAGTT-1,1,3
AGTGATTCAAGCAGGA-1,3,7
AGTGCACGCTTAAGAA-1,7,4
AGTGCGTAGCTCGTAA-1,1,1
AGTGCTAAACACAGCA-1,7,0
AGTGCTTGCACGAATA-1,3,7
AGTGGCGGCAATTTGA-1,7,3
AGTGGCGTCTGAAGGT-1,7,3
AGTGGCTCCGTCGGCC-1,0,2
AGTGGTGTTACCCGTG-1,0,5
AGTGTATTGCGCATTG-1,7,3
AGTGTGCTAAGATCGC-1,5,5
AGTGTGGTCTATTGTG-1,4,0
AGTTAAACACTTGCGA-1,1,5
AGTTAAGCGGTCCCGG-1,7,2
AGTTAAGTCAACCGCT-1,6,1
AGTTACCGCACATGGT-1,7,3
AGTTACTCTATCGTGG-1,7,2
AGTTATTGAAAGGTAA-1,4,4
AGTTCCTACAGAATTA-1,0,6
AGTTCCTATTTATGTT-1,0,5
AGTTCTGCGTTGTATC-1,1,6
AGTTGACATCGGCTGG-1,5,6
AGTTGACGGTCCTTGC-1,0,5
AGTTGCTGACTGATAT-1,4,2
AGTTTCGCAGGTCGGA-1,7,2
AGTTTGCACCTGCCTC-1,0,5
AGTTTGGCACGGGTTG-1,7,3
AGTTTGGCCAGACCTA-1,1,1
ATAAACCATTGGACGG-1,5,6
ATAAACGGACCCGTAA-1,5,7
ATAAACGTTGCACCAC-1,4,0
ATAAAGGCTCGGTCGT-1,0,5
ATAAAGGTCAAGTACG-1,4,0
ATAAATATTAGCAGCT-1,3,7
ATAACGCCGGAGGGTC-1,3,7
ATAACGGAGTCCAACG-1,3,7
ATAAGGTGGAGAACAT-1,0,5
ATAAGTAGGATTCAGA-1,7,0
ATAAGTAGGGCGACTC-1,4,0
ATAAGTTACCGCGACG-1,1,5
ATAATACCGTTAGCCG-1,5,2
ATAATAGCTGTTGAAT-1,0,5
ATAATAGTGTAGGGAC-1,4,4
ATAATCTTGGAGAACC-1,3,2
ATAATTAGCTAAGTAG-1,0,6
ATACAGGCCCTCCAAT-1,0,5
ATACCACGGGCAACTT-1,3,7
ATACCAGCAAATTGCT-1,4,0
ATACCAGGCTAATAGA-1,4,0
ATACCAGGTGAGCGAT-1,5,0
ATACCTAACCAAGAAA-1,0,5
ATACGCCGATCTACCG-1,5,2
ATACGCCGGCGAAACC-1,0,5
ATACGGAACGTCGTTT-1,6,1
ATACGGGTTTCGATTG-1,7,3
ATACGGTGAAGATGCA-1,7,6
ATACGTACTTAGCCAC-1,3,7
ATACGTCCACTCCTGT-1,7,3
ATACGTTATGCACGGA-1,0,5
ATACTACCCGTACCAC-1,4,0
ATACTAGCATGACCCT-1,3,2
ATACTCTCGCCACTCT-1,5,6
ATACTGCCTTACACCG-1,3,3
ATACTTGTTCTCGAGC-1,7,3
ATAGACAACGGGACCT-1,7,2
ATAGACGAAGAGAAAG-1,0,5
ATAGAGTACTGGGACA-1,3,4
ATAGAGTTATCAACTT-1,7,2
ATAGATTTGCAGTCGG-1,4,6
ATAGCAACTAGGGAAG-1,4,0
ATAGCCTCAGTACCCA-1,4,2
ATAGCTGCTCTTGTTA-1,5,6
ATAGGAATCTAAGCTT-1,5,6
ATAGGCGGCTATAGAA-1,1,7
ATAGGCTAGCTTCGCA-1,7,2
ATAGGGATATCCTTGA-1,3,7
ATAGGTTGGGCAGATG-1,0,5
ATAGTCTTTGACGTGC-1,7,2
ATAGTGAAGCGTTCTC-1,1,6
ATAGTTCCACCCACTC-1,7,3
ATATAAAGCGCTCGTG-1,3,3
ATATAAATGTAGCTGC-1,0,3
ATATAACACGGGCGCA-1,7,2
ATATACGCTCGTGACG-1,4,0
ATATAGAGTATTGGTC-1,6,6
ATATCAACCTACAGAG-1,4,3
ATATCAATTCCAGCCT-1,1,6
ATATCGGTAGGGAGAT-1,4,0
ATATCGTGCCAGACCC-1,4,0
ATATCGTTCCTCGAAC-1,4,0
ATATCTCCCTCGTTAA-1,3,7
ATATCTTAGGGCCTTC-1,0,7
ATATGTCTCCCTAGCC-1,7,3
ATATTCAGTTAAACCT-1,1,6
ATATTCCACATAGTGA-1,3,2
ATATTCCCACAGGTCA-1,4,2
ATATTGCTGTCAAAGT-1,4,0
ATATTTAACCCTCAAG-1,0,5
ATCAAACACTGTTCCA-1,4,0
ATCAAACGAAGGTTTG-1,6,1
ATCAATCTGGGCTGCA-1,5,6
ATCAATGCCGTGGCTG-1,6,1
ATCACATTAGAATATC-1,3,3
ATCACGTGCTAATTAA-1,6,1
ATCACTTCATCCTCGC-1,3,2
ATCAGACGGCACGCCG-1,1,6
ATCAGCCTCATGCTGC-1,7,3
ATCAGCTCGTCCACTA-1,1,1
ATCAGGTCGCCATTGC-1,4,0
ATCAGTAGGCAGGGAT-1,3,7
ATCATAGCCCTATGTA-1,4,0
ATCATCCAATATTTGT-1,0,5
ATCATCTGCCCAGTGT-1,4,6
ATCCAACGCAGTCATA-1,4,0
ATCCAATGGAGGGTCC-1,1,5
ATCCACATCGACAGAA-1,3,5
ATCCACGCTAAATGTT-1,4,4
ATCCAGAGCAACAACC-1,1,1
ATCCAGGATTCGTGAA-1,0,5
ATCCCATCCACAGCGC-1,6,1
ATCCTACCTAAGCTCT-1,1,1
ATCCTGAATCGCTGCG-1,0,7
ATCCTGCGTGGAATGG-1,1,5
ATCCTGCTGCAGATAG-1,5,2
ATCGACCCAATACAGA-1,0,5
ATCGACTCTTTCCGTT-1,3,7
ATCGCACGATTGTTCA-1,5,6
ATCGCACGCCGGGAGA-1,0,5
ATCGCCAGTCAACATT-1,4,0
ATCGCTGCGTGCAGCA-1,7,2
ATCGGAGACAGACGGC-1,3,2
ATCGGCAAGCAGTCCA-1,7,3
ATCGTGGAAAGTCTGG-1,6,1
ATCGTTAGCTAGCGGA-1,4,0
ATCGTTCACTTTCGCC-1,4,0
ATCTAATATCCTACGG-1,0,7
ATCTAGCTTGTGAGGG-1,0,5
ATCTCCCACGGAATAT-1,4,0
ATCTCCCTGCAATCTA-1,7,3
ATCTCGTGAGCGAAAC-1,4,0
ATCTGACATGGAAGGA-1,6,1
ATCTGATAGTGTCTTA-1,3,7
ATCTGCACCTCTGCGA-1,4,3
ATCTGCTGTTATCGCC-1,0,5
ATCTGGGCTGTTCTTG-1,0,6
ATCTGGTTAAGACTGT-1,3,7
ATCTGTAATTGTACCC-1,7,3
ATCTTAGGGCATTAAT-1,1,1
ATCTTATCGCACACCC-1,4,5
ATCTTGACCTGCAACG-1,3,7
ATCTTGACTTGTCCAA-1,4,0
ATGAAGCCAAGGAGCC-1,3,2
ATGACGCCGGCTCTAA-1,7,2
ATGACGCGTTCTATCC-1,1,1
ATGACTATCAGCTGTG-1,1,1
ATGACTATGCGACATT-1,7,7
ATGAGGAGTGTTAATC-1,7,7
ATGATCGGGAATAGAC-1,7,2
ATGATGCAATGGTACA-1,1,6
ATGCACGCGCTGTTCA-1,6,1
ATGCACTACCGCATTG-1,3,7
ATGCATGATCCAGGAT-1,3,5
ATGCATTCCGTGATGG-1,1,6
ATGCCAATCGCTCTGC-1,4,0
ATGCCATTTGCGACCA-1,3,7
ATGCCGGTCTTGCATA-1,3,7
ATGCCGGTTGATGGGA-1,3,2
ATGCGACAATTGGTCC-1,7,2
ATGCGACAGTCCCATT-1,0,2
ATGCGAGTCCCACCAC-1,4,0
ATGCTCAGTGTTGCAT-1,7,2
ATGCTCTGGCGCGGTA-1,3,7
ATGCTTAGGAGTTGAT-1,4,0
ATGGAAATTTAAGGAG-1,1,1
ATGGAGCAGGCCGTGA-1,0,5
ATGGATCCGGCGTCCG-1,3,7
ATGGATTGACCAAACG-1,5,2
ATGGCAGCATTACGAT-1,6,1
ATGGCTGGAAATGGCC-1,4,2
ATGGGAACGGAAGCGG-1,4,0
ATGGGACCTGCTGAAC-1,6,1
ATGGGCCTCGGCCTCT-1,7,3
ATGGGTGTATACCTCC-1,6,1
ATGGTATTTACTGATT-1,6,1
ATGGTCGCGTGGTTTC-1,3,7
ATGGTGCTCAAAGCCA-1,5,6
ATGTAAGGCTGCTCTT-1,4,4
ATGTACATGCGGTGAG-1,5,7
ATGTACGATGACGTCG-1,0,5
ATGTAGCGCGCGTAGG-1,3,2
ATGTGAAAGCCTAATG-1,0,5
ATGTGCATCCGACGCA-1,3,7
ATGTGGACATCTTGAT-1,0,5
ATGTGTAGTTTAGTCA-1,4,0
ATGTTACGAGCAATAC-1,4,0
ATGTTCGTCGACCCAC-1,3,7
ATGTTGTAGTCTGTTT-1,1,1
ATTAAACATGCGGACC-1,3,2
ATTAATACTACGCGGG-1,3,7
ATTAATGAACCAGTCG-1,3,7
ATTAATTCGGTCACTC-1,0,5
ATTACAACTACCGGCC-1,7,3
ATTACATGTCAGTCTT-1,4,0
ATTACCACACTGCCTG-1,5,6
ATTACGCGCTGGCAGG-1,0,5
ATTACTAGCCTCTTGC-1,7,2
ATTACTTACTGGGCAT-1,7,2
ATTAGATTCCTCAGCA-1,7,3
ATTAGATTGATAGCGG-1,3,3
ATTAGGCGATGCTTTC-1,0,5
ATTATACTTTGCTCGT-1,3,4
ATTATAGCTACTTTAC-1,4,0
ATTATCTCGACAGATC-1,4,0
ATTATGAGACCCAATT-1,6,1
ATTATGCCATAGGGAG-1,3,3
ATTATTATGTCCGTCA-1,1,1
ATTCAAAGTACCTGTT-1,0,5
ATTCAACCATTTAAGG-1,4,0
ATTCACTGATGTTGGA-1,0,7
ATTCAGGACCTATTTC-1,4,2
ATTCAGGATCGCCTCT-1,4,0
ATTCAGTAGCAGGGTC-1,5,2
ATTCATATACTGTCCA-1,1,1
ATTCATCGTTGAGGCA-1,7,3
ATTCCCACATAAACAA-1,7,3
ATTCCTAAGACGTGGA-1,4,0
ATTCCTCCGCCAGTGC-1,4,4
ATTCCTTCCAGGCGGT-1,1,5
ATTCGACGCCGGGCCT-1,0,5
ATTCGTGCTATCTCTT-1,4,0
ATTCTCGTCTCTTTAG-1,5,5
ATTCTGAGTATGAACT-1,4,0
ATTCTTCGTACTTATG-1,4,0
ATTGAAGATCTTAGTG-1,0,5
ATTGACGTAACTCGGT-1,7,2
ATTGATAGCAACGAGA-1,5,6
ATTGATCACCACATTT-1,1,5
ATTGATGAGTCCTAAC-1,4,2
ATTGCCTATTAGACCG-1,6,1
ATTGCCTTTATGTTTG-1,7,2
ATTGCGATCAGTAACT-1,4,2
ATTGCTGCTCCTCCAT-1,0,5
ATTGGATTACAGCGTA-1,4,0
ATTGGGAATATCTTGG-1,7,0
ATTGGTTGTGCATTAC-1,7,6
ATTGTACAACTCGGCT-1,7,2
ATTGTCGCAATACCTT-1,7,3
ATTGTGACTTCGCTGC-1,5,2
ATTTAACTCGTATTAC-1,7,2
ATTTACAGTTTACTGG-1,0,5
ATTTACTAAGTCCATT-1,5,6
ATTTCATTATTTCGCG-1,7,2
ATTTCCGGGTTCTGCG-1,6,1
ATTTGCCTAGTTACGA-1,5,6
ATTTGCGCGAGTAGCT-1,6,1
ATTTGTCTTGGGAGCT-1,3,7
ATTTGTTCCAGGGCTC-1,3,3
CAAACGAGTATCGCAG-1,0,5
CAAACGGTCGCACTTT-1,0,5
CAAACGTGGTCTTGCG-1,4,0
CAAACTACGATAGAGA-1,7,2
CAAACTATTGAGCTTC-1,7,3
CAAACTCGCGACGCCG-1,4,4
CAAAGATTATTGGGCC-1,6,1
CAAATCTCTCACAAGG-1,0,5
CAAATGCGGAGTGTTC-1,1,3
CAAATGTCCTTCCGTG-1,1,1
CAAATTGTCAGCAAGC-1,7,3
CAACAGAATAACGCTA-1,4,0
CAACAGTGCCAAACGG-1,0,5
CAACATGGCCTGATAA-1,5,6
CAACCTACCGAGCAGT-1,4,0
CAACGACCCGTTTACA-1,3,7
CAACGGTTCTTGATAC-1,4,0
CAACGTGGTGGAGTCT-1,2,4
CAACTATATCGAATGC-1,7,3
CAACTCCAACGTTTAG-1,4,0
CAACTCCGTAACTTGC-1,5,1
CAACTCCTTGATCCCG-1,5,7
CAACTGCTCATCCGAT-1,0,5
CAACTTGTAGTGGGCA-1,4,7
CAAGAGGGCGGAGTAC-1,0,5
CAAGATATTATAACGT-1,3,3
CAAGCAACGTCGGAGT-1,0,7
CAAGCACCAAATGCCT-1,3,7
CAAGCGGCACATAATT-1,0,7
CAAGGATCGCATGTTC-1,0,2
CAAGGTCCTATAGGCT-1,4,0
CAAGTGAACTTTGGTT-1,4,0
CAAGTGTGGTTGCAAA-1,3,7
CAATAAACCTTGGCCC-1,3,7
CAATACGCTCTGAGGC-1,3,7
CAATATGTAGATTTAC-1,5,6
CAATATTCTTGACCTA-1,1,1
CAATCCATTATCCGTT-1,5,6
CAATCCCTATACCAGC-1,7,2
CAATCCTGCCGTGGAG-1,7,3
CAATGCGAGAAGTATC-1,3,7
CAATGGAATCTACATA-1,5,6
CAATGGATCTCTACCA-1,3,7
CAATGGTCGGCCTGGG-1,4,6
CAATGTGCCAACCCTT-1,4,2
CAATTAAGGGTGATGA-1,3,2
CAATTTCGTATAAGGG-1,0,5
CAATTTGACCGGGAAG-1,5,6
CACAAGAAAGATATTA-1,5,0
CACAAGCTAAGAAAGG-1,6,1
CACAATGAGCTGCTAT-1,1,1
CACACACGCTAACGAG-1,7,3
CACACAGCTTGCGCTC-1,4,0
CACACAGGGATAGATT-1,7,2
CACACGCGCTGTCTTA-1,3,7
CACACGTTTCAATGGG-1,4,0
CACACTTGTATTGCGA-1,5,6
CACAGAGACGAGGACG-1,6,1
CACAGCACCCACGGCA-1,0,5
CACAGCTAGGGAGTGA-1,3,7
CACAGGGCCATATAGT-1,4,0
CACAGGGCCGTTGTCA-1,1,1
CACAGTCCCGCTTCGC-1,4,6
CACAGTTCGCTTCCCA-1,4,0
CACATAAGGCGACCGT-1,0,5
CACATATTAGCAGGAT-1,0,5
CACATCGTGCACGCGC-1,6,1
CACATCTCACCGACGA-1,3,7
CACATGATTCAGCAAC-1,0,5
CACATGTTTGGACATG-1,5,6
CACATTCTTTCGATGG-1,5,4
CACATTTCTTGTCAGA-1,4,0
CACCAGTCAGCATGCA-1,1,1
CACCATCGGAGGAGAC-1,4,0
CACCCAAATCTTATGT-1,7,4
CACCCACACGTCACCC-1,7,2
CACCCACGAGGCAATT-1,3,3
CACCCGGTTTGTGACT-1,1,6
CACCCTAACAAGATCT-1,3,4
CACCCTTGGTGAGACC-1,6,1
CACCCTTTCCTCGCTC-1,5,6
CACCGATACACCGAGC-1,7,0
CACCGCCAGAAGGTTT-1,0,3
CACCGCCGACCAGCGA-1,4,0
CACCGCGTCCACTCTA-1,4,4
CACCGGAGATATCTCC-1,4,0
CACCGGTAGAGACATT-1,6,1
CACCGTATCCCATCCG-1,7,7
CACCGTTAGGGATCAC-1,6,7
CACCGTTGCGCGATAT-1,6,1
CACCTAATAGAGTCGT-1,4,0
CACCTAATCAGTTTAC-1,3,7
CACCTCGATGGTGGAC-1,3,7
CACCTTGCGAAACTCG-1,3,7
CACCTTGGCGCCTTTG-1,7,3
CACGAAAGTTAGTCCC-1,3,7
CACGACCACAGACTTT-1,5,6
CACGACGTAATAGTAA-1,5,6
CACGACTAAAGTTCTG-1,5,6
CACGATTGGTCGTTAA-1,4,2
CACGCACAGCGCAGCT-1,3,7
CACGCAGCGAGGCTTT-1,0,2
CACGCGGAACTGTTGC-1,7,3
CACGGCGCGCCAAAGG-1,4,0
CACGGGATTGAGGGTT-1,7,3
CACGTCGGCAACCTCT-1,6,1
CACGTCTATGATGTGG-1,4,0
CACGTTCGTGCTCTAG-1,3,3
CACGTTTCGTACACAC-1,7,0
CACTAAAGTTGCCTAT-1,0,5
CACTACGGGAGCTGCC-1,4,0
CACTACTCAGTTCTGT-1,5,5
CACTCAAGAGCTATGG-1,1,2
CACTCAGCTCTTGAGG-1,0,5
CACTCCTATGTAAGAT-1,6,1
CACTCCTCTCGGTCGG-1,7,2
CACTCGAGCTGAACAA-1,0,5
CACTCGGTTAGGAGGA-1,7,3
CACTCTTCTGCTAGCC-1,4,0
CACTGACGATTGTGGA-1,0,5
CACTGTCCAAGTGAGA-1,7,3
CACTTAATCAGACGGA-1,0,5
CACTTCGCCACAGGCT-1,7,2
CACTTCGTCTTATCTC-1,5,6
CAGAACTTAGCCCTCT-1,3,2
CAGAATAACACACGGA-1,4,4
CAGACACCGATCGCTG-1,1,1
CAGACCTGTAAGTGTT-1,7,2
CAGACGAACCTGATAC-1,1,1
CAGAGACGGTCACCCA-1,1,6
CAGAGCATGAGCTTGC-1,0,5
CAGAGGCGATGCATGA-1,6,1
CAGAGTGATTTAACGT-1,7,2
CAGATACTAACATAGT-1,3,7
CAGATATGAAGATGAC-1,6,1
CAGATCATTTAAAGTC-1,4,0
CAGATCCTGGTTTGAA-1,6,1
CAGCAGCCCGTTCCTT-1,3,5
CAGCAGTCCAGACTAT-1,7,0
CAGCAGTCTGTGCTGC-1,3,3
CAGCCCTCACAGGCAG-1,4,2
CAGCCGGGCCCTCTAT-1,7,3
CAGCCTCCTGCAGAGG-1,3,7
CAGCCTCTCCTCAAGA-1,4,0
CAGCGATTCCCTTCAA-1,6,1
CAGCTCACTGAGACAT-1,3,7
CAGCTCGACAAGTTAA-1,3,7
CAGCTCGTGCTTGTGT-1,4,0
CAGCTGGCGTAACCGT-1,6,1
CAGCTTAGTAGGTAGC-1,3,2
CAGGAAGACTTTATAT-1,7,0
CAGGATATATCGTTGT-1,1,6
CAGGATCCGCCCGACC-1,4,0
CAGGCAGTCTTACCAG-1,7,2
CAGGCCGTTTGGGTGT-1,0,5
CAGGCGCACGGTGGTC-1,6,1
CAGGCGCCATGCTAGG-1,0,5
CAGTAACTATTTATTG-1,4,2
CAGTAATCCCTCCCAG-1,7,0
CAGTACATTCTCTAAA-1,4,4
CAGTACCAGTTTACGT-1,1,1
CAGTAGCCCACGCGGT-1,7,2
CAGTAGCGAGGTAGTA-1,5,2
CAGTCGAGGATGCAAT-1,2,0
CAGTCTCTCGGCTAAT-1,5,6
CAGTCTGTATACTGGG-1,0,5
CAGTGAATAAATGACT-1,3,7
CAGTGGTTGCACATGA-1,4,0
CAGTGTCCGCAGAATG-1,4,0
CAGTGTCGGCTGGCCC-1,7,4
CAGTGTTAATCTCTCA-1,6,1
CAGTTCAAATTGACAC-1,0,3
CAGTTCCGCGGGTCGA-1,5,6
CATAACGGACAGTCGT-1,3,2
CATAAGAAGCTTGGCT-1,3,7
CATAAGCTCTCCGTCT-1,0,5
CATAATGAGCGGGCGA-1,5,2
CATACAAAGCCGAACC-1,4,6
CATACACGGTTCCCAC-1,0,5
CATACCCGTACCCAGT-1,0,5
CATACGAACTAGCTGG-1,6,1
CATACGGCGTCTGGGC-1,0,7
CATACGGGTGCATGAT-1,5,6
CATACTATGTAATTGT-1,0,5
CATACTTAGGCAATAC-1,4,0
CATAGCCGCCCGGGAT-1,0,5
CATAGCGTTGCCCACC-1,1,1
CATAGTACATTGAGAG-1,7,3
CATAGTAGCATAGTAG-1,7,2
CATAGTCAAATACATA-1,4,0
CATAGTCCACAAGAAC-1,1,1
CATATACTACTGATAA-1,4,0
CATATAGGTACAGTCA-1,1,6
CATATGTCAGGCTACG-1,1,1
CATATTATTTGCCCTA-1,7,2
CATCATCTACCCGGAC-1,7,3
CATCATTACCCTGAGG-1,7,2
CATCCAATATAGTTTG-1,6,1
CATCCGCAGGCCCGAA-1,5,6
CATCCTCTCAAAGATC-1,7,3
CATCGAATGGATCTCT-1,4,0
CATCGCCCGCGGCCAA-1,7,2
CATCGGACGGGTTAAT-1,1,7
CATCTATCCCGTGTCT-1,4,0
CATCTTACACCACCTC-1,7,3
CATGAACCGACATTTG-1,4,6
CATGAACCTCTTATCA-1,4,2
CATGACTTCGCTGAAT-1,7,0
CATGAGATGCACTCTC-1,3,7
CATGATCGCTTTGAGA-1,0,5
CATGATGCACAATTCT-1,3,7
CATGATGGAAGTTAGC-1,7,3
CATGCACGTGTTACTG-1,4,3
CATGCATGGAGACCCT-1,4,0
CATGCCAACTCGCAAA-1,0,5
CATGCGACCAGTTTAA-1,7,0
CATGCGTTAGACAGAA-1,3,5
CATGCTGGCTCCAATT-1,7,6
CATGGAAATGGGACCA-1,5,6
CATGGATTGTCTTCCG-1,4,0
CATGGCAGGAAGATCG-1,3,7
CATGGGTATGCCTTAT-1,3,7
CATGGGTCGGGTGTGG-1,3,7
CATGGTAAGTAGCGTT-1,0,5
CATGGTATTAGTTTGT-1,6,1
CATGGTCTAGATACCG-1,0,3
CATGTAAGAGACATTT-1,7,3
CATGTAGGAGCGCCAA-1,1,1
CATGTCTCATTTATGG-1,3,7
CATTACGTCGGCCCGT-1,3,7
CATTATAACAGGGTCC-1,5,2
CATTATCCCATTAACG-1,6,1
CATTATGCTTGTTGTG-1,3,7
CATTCACTGACAGCTA-1,4,1
CATTCAGGTCAGTGCG-1,4,6
CATTCCCTAAGTACAA-1,1,6
CATTGCAAAGCATAAT-1,4,0
CATTGCGAAATGGGCG-1,3,7
CATTGTGTGCTAGATC-1,5,6
CATTTAGCGGACCATG-1,3,7
CATTTATCGTTCAAGA-1,7,2
CATTTCTAGCAGACTA-1,4,2
CATTTGAGTGGTACGT-1,6,1
CCAAACAGAACCCTCG-1,3,7
CCAAAGCAGTTGGTTG-1,5,6
CCAAATAACAAGATTC-1,4,0
CCAACCTTATGTAACT-1,1,1
CCAACGATGCACTGAT-1,3,3
CCAACGCTTGCCAGGG-1,4,0
CCAAGAAAGTGGGCGA-1,1,1
CCAAGACTTCTGCGAA-1,3,2
CCAAGCGTAACTCGTA-1,0,5
CCAAGGAACAGAGAGG-1,4,4
CCAATAGTGCCGTCGA-1,0,5
CCAATCGGTAGATCGA-1,7,2
CCAATGTCACAGCAAG-1,1,6
CCAATTACGGGTCGAG-1,7,3
CCAATTGAATGTTAAT-1,7,5
CCACAATGTACGTCTT-1,3,7
CCACACTGAGATATTA-1,1,5
CCACAGCTGAAATCAT-1,1,6
CCACAGTACCCATCCT-1,7,3
CCACATACTGCACCCA-1,5,6
CCACCAACTTTACTGT-1,1,1
CCACCCAAGGAAAGTG-1,0,5
CCACGAATTTAACCTC-1,4,0
CCACGAGAAGAGAATC-1,3,7
CCACGGAGCCATAAGA-1,1,1
CCACGGTGCCCGGTAG-1,4,0
CCACTAAACTGAATCG-1,5,0
CCACTGGTGGCTGGTT-1,0,5
CCACTGTTTGGATTAA-1,4,0
CCAGAAAGCAACTCAT-1,6,1
CCAGAGACAAAGCCGG-1,4,0
CCAGATAGTTGAGTGA-1,3,7
CCAGCCTGGACCAATA-1,0,5
CCAGCTACGCCTCATA-1,5,0
CCAGCTCGAACGCATT-1,0,5
CCAGCTGATGGTACTT-1,3,3
CCAGCTTCCGCCCGCA-1,7,2
CCAGGGACGTGGCCTC-1,3,7
CCAGTAGTCTGATCCA-1,7,3
CCAGTCAAATCTCTTA-1,0,4
CCAGTCCATTATTCGA-1,1,5
CCAGTCTAGACGGCGC-1,3,7
CCAGTCTTGTCATAGA-1,0,5
CCATAAACAACCCGAC-1,7,3
CCATACCTTTACTTGT-1,7,0
CCATAGGTTGGCGTGG-1,7,7
CCATAGTCAGTAACCC-1,4,0
CCATATGGAAACTATA-1,4,0
CCATATTGGATCATGA-1,5,6
CCATCCATACCAAGTC-1,7,2
CCATCGCAGTTAAACT-1,0,5
CCATCTCACCAGTGAA-1,7,3
CCATCTTGTTCACAAT-1,0,5
CCATGCCCTAGATTTC-1,4,0
CCATGCCTGTTTAGTA-1,0,5
CCATGCTCTGCAGGAA-1,7,2
CCATGGCCCTTGTACC-1,3,7
CCATGTTCATCTATAT-1,6,1
CCATTAGCGATAATCC-1,0,7
CCATTCCCTGCCCACA-1,0,5
CCATTTCTACCTATTA-1,0,5
CCCAAACATGCTGCTC-1,3,3
CCCAACATACGTCGCG-1,1,5
CCCAACCACACTAACA-1,7,0
CCCAAGAATGCACGGT-1,4,0
CCCAAGACAGAGTATG-1,5,5
CCCAATGAGATTTGCA-1,6,1
CCCAATTTCACAACTT-1,0,5
CCCAGAGGAGGGCGTA-1,4,0
CCCAGGTCTGAAGGCT-1,4,0
CCCAGTAAACTTGGGA-1,1,1
CCCAGTTAAGGCGCCG-1,3,7
CCCATATAGGTCGATT-1,0,5
CCCGAAGTTTCGCGAA-1,0,5
CCCGACCATAGTCCGC-1,3,7
CCCGAGTTTCTCCGTA-1,4,0
CCCGCAGCGCGAACTA-1,0,5
CCCGCAGGGCCCAAAG-1,7,0
CCCGCCATGCTCCCGT-1,7,2
CCCGCGCAATGCACCC-1,4,0
CCCGCTAGAGGGTTAA-1,4,0
CCCGGCACGTGTCAGG-1,0,6
CCCGGGTCGTTCAGGG-1,0,5
CCCGGTGGAAGAACCT-1,7,2
CCCGGTGTATCGGAAT-1,6,1
CCCGTAAGTCTAGGCC-1,0,5
CCCGTAGCTGGGAAGA-1,6,1
CCCGTCAGCGTCTGAC-1,3,7
CCCGTTTCGCAGATGT-1,4,2
CCCTAGTGTCAGGTGT-1,5,6
CCCTATGTAGAGCAGA-1,6,1
CCCTCATTCTGGAATT-1,7,2
CCCTCCTCGCTCGTAT-1,4,0
CCCTCGGGAGCCTTGT-1,5,6
CCCTGAAATGAGTTGA-1,3,2
CCCTGACTAACAAATT-1,3,7
CCCTGATGTAACTCGT-1,5,6
CCCTGCCCAATCCGCT-1,0,5
CCCTGCGCTACGCATA-1,3,7
CCCTGGTATGGGCGGC-1,4,0
CCCTGTTGGCAAAGAC-1,5,6
CCCTTCTCGTACGCGA-1,4,3
CCCTTTAATGGAGTTC-1,4,2
CCCTTTGACAGGTCTT-1,6,1
CCGAAAGTGGTGAGCA-1,4,0
CCGAACACTGGGCCTC-1,5,6
CCGAACCTTCCCGGCC-1,0,2
CCGAAGTATATTGTTC-1,7,0
CCGACAAACACATGAG-1,5,2
CCGACAAAGGGAGTGC-1,3,7
CCGACAATAGGCCGCC-1,4,0
CCGACGGGCATGAGGT-1,6,1
CCGACGTAAACACAAC-1,7,2
CCGACTCGCATAGTCT-1,4,2
CCGAGAAGTCGCATAA-1,5,4
CCGAGCTGTGCTTGTC-1,5,6
CCGAGGGATGTTAGGC-1,4,0
CCGATCTCAACCTTAT-1,7,3
CCGATTCGAGGGACCC-1,0,2
CCGATTGGTCAATGAA-1,4,6
CCGCACAAAGACCAAC-1,0,5
CCGCACGTGACCTCGG-1,3,7
CCGCATGTGGTACGAT-1,0,7
CCGCCACCACAATCCA-1,4,3
CCGCCGGAACTTCTCG-1,1,1
CCGCCGGTCAACACAC-1,7,2
CCGCCGTTGAGGATAA-1,4,0
CCGCCTGCGAATTGGT-1,5,6
CCGCGATTTGGTAGGT-1,5,2
CCGCGGAATGCGTCAC-1,6,4
CCGCGGGTACGAAGAA-1,7,2
CCGCGTAGGTAAGGGC-1,5,6
CCGCTATCAGCACCAG-1,1,1
CCGCTCTTCCGAACTA-1,4,0
CCGCTGGTGCCATTCA-1,0,5
CCGCTTACCTCACTCT-1,1,1
CCGCTTCGCGGTTAAC-1,5,6
CCGCTTGCTGACATGG-1,7,3
CCGGAATGGTTTCAGT-1,7,0
CCGGAGCGTACTTTCT-1,1,1
CCGGCACGACCGTTTC-1,4,0
CCGGCGCATATTGGAT-1,7,2
CCGGCGTGAGACTCTG-1,1,1
CCGGGACCCGCAGAGA-1,7,2
CCGGGCGGTCTCGTCA-1,0,5
CCGGGCTAAGAATTTC-1,6,1
CCGGGCTGCTCCATAC-1,3,7
CCGGGTTCGAGGTTAC-1,0,6
CCGGTAATGGCTAGTC-1,4,0
CCGGTTTGTAATTGTG-1,1,6
CCGTAAGTTGGTCCCA-1,3,5
CCGTACCCAAGCGCCA-1,4,0
CCGTAGGAAATCCCTG-1,7,3
CCGTAGGGTTGTTTAC-1,4,0
CCGTATCTCGTCGTAG-1,6,1
CCGTATTAGCGCAGTT-1,4,0
CCGTCAACCTCTGGCG-1,1,1
CCGTGCCCATGACGGC-1,4,0
CCGTGGAACGATCCAA-1,4,4
CCGTGTTAAATTCCAT-1,6,1
CCGTTACGTTAGAACA-1,3,2
CCGTTCCGAATCTCGG-1,3,7
CCTAAACAGGGTCCGT-1,4,2
CCTAAAGGCTGACGCT-1,7,3
CCTAAATTAACGGTTC-1,0,5
CCTAAATTGTATCCTA-1,4,3
CCTAACCCAAACAAGT-1,7,4
CCTAACTAAGGCTCTA-1,7,3
CCTAAGTGTCTAACCG-1,5,6
CCTACAAGTCCGGAAT-1,4,0
CCTACATTCACAGACG-1,6,1
CCTACGCGACCTTACA-1,4,0
CCTACGGCTCAGTCGA-1,4,0
CCTACTGCTTACACTT-1,0,7
CCTAGGCGTAGCGATC-1,3,7
CCTAGGTAAAGGTAGC-1,1,1
CCTAGTTAGTCGCATG-1,3,7
CCTATAATGAGTGCCC-1,3,6
CCTATACCGTCCTGTC-1,6,1
CCTATATCGTGTCACG-1,6,1
CCTATATTTGTCCTGG-1,1,1
CCTATCTATATCGGAA-1,7,2
CCTATGAAGTGGTGCC-1,4,0
CCTATGGCTCCTAGTG-1,2,1
CCTATGGGTTACCGTC-1,0,5
CCTATGGTCAAAGCTG-1,0,5
CCTATGTCCACTCCAC-1,7,3
CCTCACCAATCTTGAC-1,4,0
CCTCACCTGAGGGAGC-1,7,2
CCTCACCTTAGCATCG-1,7,2
CCTCATGCAGCTACGA-1,5,6
CCTCCCGACAATCCCT-1,7,2
CCTCCGACAATTCAAG-1,7,2
CCTCCTAGCTAGAGTC-1,6,1
CCTCCTGTTGTGTCGT-1,4,0
CCTCGAAGTGGACGGG-1,7,2
CCTCGACCCACTGCCT-1,4,4
CCTCGCCAGCAAATTA-1,3,2
CCTCGCGCGATATAGG-1,7,6
CCTCGCGCTGTGCGAT-1,0,5
CCTCGGACCGGGATAG-1,3,7
CCTCGGATGCTACCTG-1,7,3
CCTCGGTTTCCTTGCC-1,6,1
CCTCTAATCTGCCAAG-1,3,7
CCTCTACAAGGATTGG-1,6,1
CCTCTATCGATTAGCA-1,6,1
CCTCTCTCCCATCTAG-1,0,5
CCTCTGGCCTAGACGG-1,7,2
CCTCTGTACTATTCTA-1,1,5
CCTGAACGATATATTC-1,3,7
CCTGAATATTTACATA-1,3,7
CCTGACCACCGATGGT-1,0,5
CCTGACGCAACCTTTA-1,4,0
CCTGCGTTCTACGCTT-1,7,2
CCTGCTATTTGAGAAG-1,3,2
CCTGGAAACGTTCTGC-1,4,0
CCTGGCTAGACCCGCC-1,5,6
CCTGGTCGAATGTGGG-1,0,5
CCTGTAAGACATGATA-1,0,5
CCTGTACTCACGCCCA-1,0,5
CCTGTCACCCGGGCTC-1,0,5
CCTGTCCCTCACGTTA-1,4,0
CCTGTCGCCCGTAAAT-1,0,5
CCTGTGCATAGGAGAC-1,5,4
CCTGTGCGGATTGTAA-1,1,6
CCTGTTTGAAGACACG-1,4,4
CCTTCAGTTAAAGTGA-1,1,1
CCTTCGTATAGAATCC-1,0,5
CCTTCTCAGCGTTCCT-1,1,6
CCTTCTTGATCCAGTG-1,3,7
CCTTGACCACTTTATT-1,4,0
CCTTTAAGGGAGCACT-1,2,1
CCTTTCAATGAAGAAA-1,7,3
CCTTTGAATTATGGCT-1,6,1
CGAAACATAGATGGCA-1,7,3
CGAAACGCAATTCATG-1,0,7
CGAACAGTATGGGCGT-1,7,3
CGAACCCGCATGCGTC-1,1,1
CGAACGCCCAGTGCCG-1,0,5
CGAACGGCCGGACAAC-1,1,6
CGAAGACTGCCCGGGA-1,7,6
CGAAGCTATAAATTCA-1,4,0
CGAAGGGTTTCAGATT-1,6,1
CGAAGTTGCTCTGTGT-1,3,2
CGAATCTGCTCGACGC-1,6,1
CGAATGAAGTCATTGC-1,6,1
CGAATGACGCATAATG-1,2,4
CGAATTACATGGTGTT-1,4,0
CGACAATTTGATCTAA-1,7,3
CGACACGCTCCGACAG-1,7,3
CGACAGTTCGCGTTAT-1,0,5
CGACATGCGATCTTCT-1,4,0
CGACCCTTAACGCCGG-1,1,5
CGACGCATCCGTACCT-1,1,1
CGACTCAGGATGTTAT-1,7,3
CGACTTTGTATAGCCT-1,4,4
CGAGACCCTAGAGTGT-1,1,6
CGAGAGATGTGAACCT-1,0,5
CGAGAGCGCGTAGATA-1,0,5
CGAGAGCTTTCACTAC-1,7,4
CGAGAGGGTAGCCGCG-1,4,0
CGAGATGTTGCCTATA-1,5,6
CGAGATTTCGCTCGGG-1,4,6
CGAGCACTTCAAGTTT-1,7,3
CGAGCGTTGATCAGCC-1,4,0
CGAGCTGGGCTTTAGG-1,3,7
CGAGGCCAGGCATTGG-1,5,2
CGAGGCTAAATATGGC-1,0,5
CGAGGGACTGCGGTCG-1,3,7
CGAGGGTATCCAGGTG-1,0,5
CGAGTACTAAAGAGGA-1,6,1
CGAGTGAAGGTACCAG-1,6,1
CGAGTGCTATAGTTCG-1,5,6
CGAGTTCTGTCCCACC-1,3,4
CGAGTTTATCGGACTG-1,3,3
CGATAATACTCAGGTT-1,5,6
CGATACCTCGCGGACA-1,1,5
CGATAGCGATACAGTG-1,6,1
CGATAGTCGTACTGCA-1,4,0
CGATATTAGCCGCAGG-1,1,5
CGATCCGACCCAGTGC-1,0,5
CGATCCTCGCAACATA-1,6,1
CGATCTGTTGGAGGAC-1,1,1
CGATGGACCCTACGCC-1,7,3
CGATGTTGTTATCTAC-1,6,1
CGATTAAATATCTCCT-1,0,5
CGATTCGCCTGGCTGC-1,3,7
CGCAAACACGAGTTAC-1,3,7
CGCAATTACTTTCGGT-1,7,2
CGCAATTAGGGTAATA-1,3,7
CGCAATTCTACAATAA-1,7,2
CGCACATGTCCACTAC-1,3,7
CGCACGTCTGTTTATG-1,1,1
CGCACGTGCGCTATCA-1,7,3
CGCAGAAACATTTGCG-1,4,0
CGCAGATCTTCACCCG-1,5,0
CGCAGGCGATCCAAAC-1,4,6
CGCATCATGGCTTCAG-1,7,2
CGCATGGTGCGATGCT-1,0,5
CGCATTAGCTAATAGG-1,3,7
CGCCAAGAAGCCGAGT-1,5,6
CGCCACAGGTCGCGAT-1,1,1
CGCCACCCGCATTAAC-1,5,0
CGCCATCCGATTATGA-1,3,7
CGCCCAGCACGCCTAG-1,1,1
CGCCCAGCGTTTCACG-1,4,0
CGCCCGCTTCCGTACA-1,3,7
CGCCCTAATTGTTCAA-1,6,1
CGCCCTTACATCCACC-1,5,6
CGCCCTTGAAGGCTGA-1,7,3
CGCCGCCCATGCCTGT-1,3,7
CGCCGCGTTCTGAACG-1,5,5
CGCCGTTCAGCATAGT-1,5,0
CGCCTCCCTCCTCTAT-1,3,7
CGCCTGGCCTACGTAA-1,0,5
CGCCTTTAGCATGCTC-1,4,0
CGCGAAGTGGCATACT-1,4,0
CGCGACCGCGACAGAT-1,3,7
CGCGAGAGGGACTTGT-1,4,4
CGCGAGTCTGCCGGGT-1,6,1
CGCGCAAATGTCCAGA-1,6,1
CGCGCAAGGAACTACA-1,5,6
CGCGCATGTTTGATTG-1,1,5
CGCGCCCGACTTAATA-1,3,3
CGCGGCAGTATTACGG-1,5,6
CGCGGCTCAACTTGAA-1,7,3
CGCGGGAATTAGGCAG-1,3,7
CGCGGTCACAAACCAA-1,4,3
CGCGTCATATTAAACC-1,4,0
CGCGTGCTATCAACGA-1,0,6
CGCGTTCATGAAATAC-1,0,2
CGCTACGGGACATTTA-1,1,6
CGCTAGAGACCGCTGC-1,7,3
CGCTATACCGCCCACT-1,5,6
CGCTATTCAATGTATG-1,4,4
CGCTATTCTTAGGCTC-1,1,6
CGCTCGACATAATGAT-1,7,2
CGCTCTCCGTAGATTA-1,7,2
CGCTGAGGACGTCCAA-1,5,6
CGCTGGTGACTACCCT-1,7,3
CGCTGTGACGCCGCAC-1,3,7
CGCTGTGTGGATGTTG-1,6,1
CGCTTAGTATTGATAC-1,0,5
CGCTTATTCCCGGTCG-1,0,5
CGCTTCCACTGAAATC-1,7,2
CGCTTCGGTCTAAGAC-1,4,2
CGCTTTCATACCGGTG-1,4,4
CGCTTTCTTGCATTCG-1,3,7
CGGAAAGAATCAAACG-1,1,1
CGGAAATTTCACATCC-1,4,0
CGGAACGTAAACATAG-1,1,1
CGGAGCAATTTAATCG-1,1,5
CGGAGCATGGCGATCC-1,0,5
CGGAGCTTATAACACC-1,4,0
CGGAGTTTGAGAGACA-1,0,5
CGGATAAGCGGACATG-1,7,2
CGGATCCTCAAGGACT-1,3,7
CGGCAAACATCGTGCG-1,0,5
CGGCAATAAGATCGCC-1,4,0
CGGCACCGTTAGCGCC-1,4,0
CGGCACTCAAGAAAGT-1,4,6
CGGCAGGGTCGGGTTG-1,7,3
CGGCCACGCACAAAGT-1,3,2
CGGCCAGAGCGACCAT-1,1,5
CGGCCCAACCTGTAGT-1,4,4
CGGCCCAGGTATATCC-1,7,0
CGGCGCCATCAATCCC-1,7,0
CGGCTCTAAAGCTGCA-1,4,0
CGGCTCTTCGTCGAAC-1,4,0
CGGCTGCAAGATTAAG-1,4,0
CGGCTTTGTATGATAA-1,4,0
CGGGAATATAGTATAC-1,4,0
CGGGAATTTATGTAAA-1,0,5
CGGGAGCTTCAGTGTA-1,7,3
CGGGAGTATACCGCCG-1,5,6
CGGGATCAATGTAAGA-1,3,7
CGGGCAGCTAAACCGC-1,0,2
CGGGCCATAGCCGCAC-1,5,6
CGGGCCTTCTTTGTAA-1,1,3
CGGGTGTACCCATTTA-1,3,7
CGGGTTCGGCACGTAT-1,5,6
CGGGTTGTAGCTTTGG-1,5,6
CGGGTTTGTTAGGGCT-1,4,6
CGGTACTAGAATCAAA-1,3,7
CGGTAGAGGTGCAGGT-1,7,2
CGGTATAGGTATTAGC-1,4,4
CGGTCAAGTGGGAACC-1,3,7
CGGTCCGTCGCAAGCC-1,1,1
CGGTCTATCAACCCGT-1,7,7
CGGTGAAGACTAAAGT-1,3,7
CGGTGCAGATAGAACG-1,1,6
CGGTGCGCGTTGGTCC-1,6,1
CGGTGGGCTCCAGCCT-1,7,4
CGGTGTACTTGATCCC-1,4,6
CGGTTATCCAACAGTG-1,7,6
CGGTTCAAGTAGGTGT-1,7,0
CGGTTCCGGCTTCTTG-1,5,6
CGGTTGACCTGGCATA-1,0,2
CGGTTGAGTATCCTTC-1,6,1
CGGTTGGGTTCAAGTT-1,4,4
CGGTTTATGAAGGAAC-1,4,0
CGTAAACGCTTGAGTG-1,5,6
CGTAACTTCGACACTT-1,1,1
CGTACCTGATAGGCCT-1,3,7
CGTAGAGAGTAATTAT-1,7,0
CGTAGCGAATTGTCAG-1,7,3
CGTAGCGCCGACGTTG-1,7,2
CGTATTAAGAGATCTA-1,0,5
CGTCAAGGCTATAAAT-1,7,2
CGTCAATCTTTAACAT-1,5,6
CGTCACGTCCATTGGT-1,1,1
CGTCAGTGCGCACAAG-1,4,0
CGTCAGTTTATCGTCT-1,5,6
CGTCATACCATATCCA-1,5,5
CGTCGCATGTGAGCCA-1,3,3
CGTCGCGGCGGGATTT-1,5,6
CGTCGCTTGGTTATAC-1,6,1
CGTCGGATAGTGTTGA-1,7,3
CGTCGGGTCTAAGCGC-1,6,1
CGTCGTCCTTCGCGAA-1,3,7
CGTCTGGAAGGGCCCG-1,7,2
CGTGAAGTTAATTCAC-1,0,5
CGTGACATTGGGTCGT-1,7,3
CGTGACCAGTCCTCTG-1,0,5
CGTGCAGACTGGGACA-1,7,4
CGTGCATTGTCGACGC-1,0,5
CGTGCCCGACATTTGT-1,4,6
CGTGCCCTCCCGAAGA-1,0,5
CGTGCTTCTACCTAAA-1,6,1
CGTGGCCGAATATCTA-1,7,3
CGTGGTACCCAAAGGC-1,6,1
CGTGTATGGGAGCTGA-1,0,2
CGTGTCCCATTCGCGA-1,3,7
CGTGTCTCGTTACGAC-1,6,1
CGTGTGTTAAACCCTG-1,4,0
CGTTAAACTAGTTAGG-1,4,0
CGTTAATGTCCCGACG-1,7,3
CGTTAGCTCACAACTG-1,7,4
CGTTCAGACCCGCGAA-1,0,5
CGTTCATGGTGCGCGT-1,1,1
CGTTCTTCGCACACCT-1,4,0
CGTTGAATACCGCGCT-1,3,7
CGTTGAGCGACCGTCG-1,0,5
CGTTGAGTAATTGCGT-1,4,0
CGTTGCCCGCGTGGGA-1,1,6
CGTTGTAAACGTCAGG-1,4,2
CGTTGTAAGATTGATT-1,4,0
CGTTGTCGGCAATTGA-1,0,6
CGTTGTTTCAATTCCC-1,0,0
CGTTTAAGCGGAGCAC-1,7,3
CGTTTCACTTCGGGCG-1,7,3
CGTTTCGCTCATTACA-1,1,6
CGTTTGTGTAGAGGGT-1,6,1
CTAAACGGGTGTAATC-1,5,6
CTAAAGAATGCCTACT-1,0,5
CTAAAGGGAAATAGGA-1,1,5
CTAAAGTCCGAAGCTA-1,5,3
CTAAATCCGGTGTACA-1,6,1
CTAAATCCTATTCCGG-1,3,7
CTAACCGCGCGCCCGT-1,0,5
CTAACGAAACTTGCTG-1,7,2
CTAACTGATAATCGCC-1,4,0
CTAACTGGTCCGGTTC-1,6,1
CTAAGGGAATGATTGG-1,0,5
CTAAGTACAGGGCTAC-1,5,6
CTAATTCGCACGCGCT-1,3,3
CTAATTCTCAGATATT-1,4,2
CTAATTTCAACAACAC-1,0,5
CTACAAGAAATAACCC-1,6,1
CTACACTAGCTTGTTC-1,7,2
CTACACTCGCAGATGG-1,4,0
CTACATATCGCGGGAC-1,6,1
CTACCCTAAGGTCATA-1,3,7
CTACGAACTAGGTCGA-1,4,2
CTACGACTAGCTATAA-1,0,5
CTACGATCCTATCCTA-1,6,1
CTACGCACGGAGTACC-1,0,5
CTACGCCATTTCCGAT-1,0,5
CTACGTGTTGCCACCA-1,4,2
CTACTATCATAGGTTT-1,6,1
CTACTATCTTTCAGAG-1,7,2
CTACTCAAGGTATAGT-1,6,1
CTACTCTAGGCCCGGC-1,3,7
CTACTGCCACCTGACC-1,0,5
CTAGACATATATGTAG-1,5,5
CTAGACTGCATTTCGT-1,4,0
CTAGATAAACTCCTCG-1,1,6
CTAGATGTGAGTGTAA-1,7,0
CTAGATTTACGACGGC-1,0,5
CTAGCAACTAATTTAC-1,4,4
CTAGCATAGTATAATG-1,0,2
CTAGCCGATGTTATGA-1,7,3
CTAGGCGCCCTATCAG-1,7,3
CTAGGCGGCAGAGAAT-1,5,6
CTAGGGATAGGGACAA-1,6,1
CTAGGTCTGAAGGAAT-1,4,0
CTAGGTTCGGACGTGA-1,3,7
CTAGTAGAAAGGGATT-1,3,7
CTAGTATTCGGAATTA-1,7,2
CTAGTCACGTCTTAAG-1,0,2
CTAGTGAAGGACAGGA-1,0,5
CTAGTTACAACCCGGT-1,0,5
CTAGTTGGGCCCGGTA-1,0,5
CTATAAGAGCCAATCG-1,7,3
CTATAGGCGTTGATGT-1,6,1
CTATCGACGAAATACA-1,7,3
CTATCGGGTCTCAACA-1,0,5
CTATGCCCGAATGCAA-1,0,6
CTATGGGAAGCGGAAT-1,4,0
CTATGTCACTAGCCCA-1,0,5
CTATGTCTATTGAAAC-1,7,2
CTATGTGAGTCACGGC-1,1,1
CTATTCATGTGTCCCA-1,1,1
CTATTGTGTTTGGTCA-1,4,0
CTATTTGCTTGGAGGA-1,1,7
CTATTTGGTTACGGAT-1,3,7
CTCAAACCACTGCCCG-1,6,1
CTCAACTAACCCGGAT-1,7,2
CTCAAGACATTAGCGC-1,4,0
CTCACATTTACTAAAT-1,3,5
CTCACTGTGATACTTA-1,3,7
CTCACTTGGCTGGTAA-1,0,5
CTCAGGACTCACCTGT-1,4,6
CTCAGTCACGACAAAT-1,7,3
CTCATAAATGTGTATA-1,7,2
CTCATGGCTCACAATC-1,3,2
CTCATGGTAATTTGCG-1,6,1
CTCATTGCTCTAACAA-1,3,7
CTCATTTGATGGGCGG-1,3,7
CTCCCAATGAGTCGCG-1,4,5
CTCCCTCCTTTCGATC-1,6,1
CTCCGCCCACATGAGG-1,1,5
CTCCGGCCTAATATGC-1,3,7
CTCCGGCTTGTAGACA-1,4,3
CTCCTAAGTTATGTCT-1,4,0
CTCCTCCAGCTCACAC-1,1,6
CTCCTGTTCAAGGCAG-1,5,6
CTCCTTTACGCAAGTC-1,4,0
CTCGAATGGAACGTAT-1,4,0
CTCGAGACATACGATA-1,1,1
CTCGAGGTCGAACAGT-1,0,5
CTCGATATTTGCGAGC-1,4,0
CTCGCACCTATATAGT-1,2,4
CTCGCATTGCATAGCC-1,6,1
CTCGCCGAATGTAGGG-1,0,5
CTCGGGCATCGTCGGG-1,0,5
CTCGGGTTCTCTGGCC-1,6,1
CTCGGTACCACTGCTC-1,3,7
CTCGGTCCGTAGCCTG-1,4,0
CTCGGTTGTCGGCCCT-1,6,1
CTCGTCGAGGGCTCAT-1,6,1
CTCGTTACGGCTACCA-1,1,1
CTCGTTTCTAATGTTT-1,4,0
CTCTAATGCATTGATC-1,4,0
CTCTACACTGGCGATT-1,0,5
CTCTAGCCCTCGGAAA-1,7,2
CTCTATTTGGCTGCAG-1,0,5
CTCTCACAATCGATGA-1,3,4
CTCTCGATGTGCGCCT-1,4,0
CTCTCTAACTGCCTAG-1,6,1
CTCTGCGAAGCAAGCA-1,4,0
CTCTGGACGCCTGGTG-1,0,2
CTCTGTGCCTGCTATG-1,5,6
CTCTGTTTGAGGATTC-1,3,2
CTCTTCTATTGACTGG-1,4,0
CTCTTCTGGAAGTTAG-1,6,6
CTCTTGTCCCGCTTGG-1,1,6
CTGAAAGAGATCCGAC-1,3,7
CTGAATCCGAGACCTC-1,1,5
CTGAATTTATTGCCAG-1,4,4
CTGACATAGAAATAGA-1,5,6
CTGACTGCGCAGCTCG-1,7,4
CTGAGAAAGTTCGGCG-1,5,6
CTGAGCAAGTAACAAG-1,4,0
CTGATAGTGTATCTCA-1,7,2
CTGCAAATGGGCTCCA-1,5,6
CTGCAAGCACGTTCCG-1,4,2
CTGCACAACTACATAT-1,0,5
CTGCACCTGGAACCGC-1,7,4
CTGCACTCCAGTACAG-1,0,7
CTGCAGAGAATCAGAG-1,4,0
CTGCCAAGGTTGGAAG-1,7,3
CTGCCATGCATCACAT-1,1,1
CTGCCTAGCCACCAAG-1,7,3
CTGCCTTTAATACCTT-1,6,1
CTGCCTTTCTAGTAAA-1,7,2
CTGCGGGTGAAATGTT-1,7,2
CTGCGGTAGTCACGTG-1,4,0
CTGCGTTACGATATAA-1,7,3
CTGCTGAGGCCACGAA-1,6,1
CTGCTGTCTAACGAGC-1,5,6
CTGCTTGGCGATAGCT-1,3,2
CTGCTTTATGTCCGCG-1,5,6
CTGGAAATGGATGCTT-1,0,4
CTGGAAGACACGGTGG-1,7,7
CTGGACGCAGTCCGGC-1,6,1
CTGGATTTACACTTGA-1,1,1
CTGGCATCCGAATGAG-1,6,1
CTGGCGACATAAGTCC-1,7,3
CTGGCGATTTACATGT-1,7,6
CTGGCGCACAGGTCTG-1,3,7
CTGGCGGGAATAAGTA-1,4,0
CTGGCTCCTGCGGGAT-1,5,6
CTGGCTGATTCATCCT-1,7,3
CTGGCTGCTAACGTAA-1,5,6
CTGGCTGGTTGTCAGT-1,0,5
CTGGGATAAATAATGG-1,3,7
CTGGGATACGCTACCC-1,4,4
CTGGGATCGCCCAGAT-1,4,0
CTGGGCACTAGTCGGA-1,5,6
CTGGGCCTGCTATATC-1,0,5
CTGGGCGGCCAAATGT-1,4,2
CTGGGTAGGCAGTTAA-1,3,7
CTGGGTTGAGTTAAAG-1,1,1
CTGGTAAAGTGTGGGC-1,0,5
CTGGTAACACATAGAA-1,3,6
CTGGTAACGAGCTCTT-1,7,2
CTGGTCATTCCAATCC-1,1,6
CTGGTCCTAACTTGGC-1,5,4
CTGGTGAATGGGCCTA-1,6,1
CTGGTTCAACGCATCA-1,5,6
CTGGTTTCGAGCAAGA-1,3,3
CTGTACTTCTTAGCAT-1,1,1
CTGTAGCCATCTCACT-1,6,1
CTGTAGTGAGGATCGA-1,1,1
CTGTATGGTGTAGAAA-1,4,0
CTGTCAAATGGCTCGG-1,7,3
CTGTCACGCCAGGCGC-1,4,0
CTGTGCAGGGTAGGTC-1,3,2
CTGTGGTCGGGAGATA-1,7,3
CTGTTACCCAATCTAG-1,1,1
CTGTTCACTGCCTGTG-1,3,2
CTGTTCATCTCACGGG-1,0,5
CTGTTGTTCAGTCGTA-1,6,1
CTTAACTTCGAAGTAC-1,7,6
CTTACACGGTATTCCA-1,0,5
CTTACACTGGGAAATA-1,7,2
CTTAGCCTTCCACATG-1,3,7
CTTAGGTATAGACCAG-1,6,1
CTTAGTAGGCCTACAG-1,7,2
CTTAGTGTAGTAGCAT-1,7,7
CTTAGTTGAGGAATCG-1,6,1
CTTATGCGCTCAGGGC-1,0,5
CTTATGTTGACTACCA-1,5,5
CTTCAACTCCACTTGG-1,3,7
CTTCAGTGGTCGCCTA-1,1,1
CTTCATAGCTCAAGAA-1,7,2
CTTCATTGTCAGTGGA-1,0,5
CTTCCGCTCCGTGAAG-1,6,1
CTTCCTGCATATTTAC-1,5,6
CTTCGGCCAATTGTTT-1,4,4
CTTCGTAGATAGGTGA-1,1,5
CTTCGTGCCCGCATCG-1,7,2
CTTCTATGTTGAAGTA-1,1,1
CTTCTATTAATGCTAG-1,1,1
CTTCTGGGCGTACCTA-1,6,1
CTTCTTACGTCGTATA-1,7,2
CTTGACCCGAAAGATA-1,7,6
CTTGAGGTTATCCCGA-1,3,7
CTTGAGTTAGGGTAAT-1,3,3
CTTGCAACCGCCTCCT-1,0,6
CTTGCCCAGGCTCTAC-1,1,6
CTTGGCCAAGCTGGGA-1,1,2
CTTGTACTTGTTGACT-1,3,7
CTTGTCAACATTCGAG-1,0,5
CTTGTCGTACGTGTCA-1,0,2
CTTGTGAGGACAGCGG-1,5,6
CTTGTGAGTCTTTGAC-1,5,6
CTTGTGCTCACCGATT-1,7,2
CTTGTTGCTGAGTCAA-1,3,7
CTTGTTTATGTAGCCA-1,0,5
CTTTAACTTTCAAAGG-1,3,7
CTTTAATATTGGTCGA-1,3,3
CTTTACCGAATAGTAG-1,3,7
CTTTAGGAACACTGTT-1,3,7
CTTTAGTGCTATTATT-1,0,5
CTTTCTGTGCGGGCTT-1,3,2
CTTTGAAACATATTCC-1,1,6
CTTTGCATCGCTCTTG-1,7,3
CTTTGGCGCTTTATAC-1,7,2
CTTTGGCTTTAGTAAA-1,0,5
CTTTGGGATTGTTGCA-1,1,1
CTTTGTCGAATGCTCC-1,1,1
GAAACAGATGACCACC-1,3,7
GAAACAGCCATGCAGT-1,7,2
GAAACATAGGAAACAG-1,6,1
GAAACCATGGTGCGCT-1,4,0
GAAACCGAATTACCTT-1,1,1
GAAACCTATACAAATG-1,1,1
GAAACTCGTGCGATGC-1,7,2
GAAACTCTAATGAAGG-1,7,3
GAAAGAACAGCGTTAT-1,4,0
GAAAGCAGTGCACTTT-1,1,1
GAAAGCCCTTTGGACC-1,3,7
GAAAGTGACTAACTGC-1,3,3
GAAATACCTGCTGGCT-1,4,6
GAAATACTAAACGTTT-1,4,0
GAAATATCACCATCAG-1,3,7
GAAATATGCTTGAATG-1,4,0
GAAATCGCGCGCAACT-1,3,7
GAAATGGCGGTGTTAG-1,0,5
GAAATGGGATGTAAAC-1,5,6
GAAATTAGCACGGATA-1,7,2
GAAATTCACATCGCTG-1,4,0
GAAATTGTCTCTATAA-1,1,3
GAACAACTGGGATGAA-1,7,2
GAACACACATCAACCA-1,3,4
GAACAGATTACTAAAT-1,3,7
GAACCATCTGGGAGAC-1,5,6
GAACCCTCTGTGTTCT-1,0,2
GAACCTCGACCTACAC-1,0,5
GAACCTTTAACGATCC-1,3,7
GAACGACCGAATGATA-1,3,7
GAACGCGGGTCACACG-1,4,0
GAACGTCTCATGGTCG-1,3,7
GAACGTTAGGAAGACG-1,5,2
GAACTGTGGAGAGACA-1,0,5
GAACTTAGCGCCCGGT-1,4,3
GAAGAAACGATATTGT-1,6,1
GAAGAACGGTGCAGGT-1,4,6
GAAGACTTCAATGCCG-1,4,0
GAAGCAAGGCAATGTT-1,7,2
GAAGCCACTGATTATG-1,3,2
GAAGCCTGCACATTCC-1,0,5
GAAGCGTGAGGAATTT-1,0,6
GAAGCTCGGACCCGTC-1,6,1
GAAGCTTGCTGACCGC-1,3,7
GAAGGACTAAATTGAA-1,5,6
GAAGGAGTCGAGTGCG-1,0,5
GAAGGGCATAACCATG-1,5,6
GAAGTCAGTTGCACTA-1,1,6
GAAGTCTCCCTAGCGA-1,3,2
GAAGTGATTTATCGTG-1,0,5
GAAGTGCTGGATAGCT-1,7,3
GAAGTTTCCACTCAAT-1,0,3
GAATAGACGCGACCCA-1,7,3
GAATAGCATTTAGGGT-1,4,6
GAATAGCCCTGCGGTC-1,4,0
GAATAGTGCTCGATTA-1,6,1
GAATATTCGGAGTCCC-1,4,2
GAATCGACATGGTCAC-1,3,2
GAATCGCCGGACACGG-1,5,6
GAATCTATACTCGGAC-1,4,0
GAATCTGAACATTCTC-1,0,5
GAATGCCGAAATGACC-1,4,2
GAATGCGAATCGGTTC-1,0,5
GAATGTATGGCAGGTC-1,7,3
GAATGTGGTCCGGATT-1,3,2
GAATGTTGGGTAATCT-1,3,7
GAATTATAGTGAAAGG-1,0,5
GAATTCACCCGGGTGT-1,1,1
GAATTTCTCGCTGCAG-1,7,2
GACAAACATATGCAGG-1,4,0
GACAACGACCATTGAA-1,3,7
GACAACGCAGCTTACG-1,3,7
GACAAGAGATGAGATT-1,5,6
GACACAAGGGAAGAAA-1,0,0
GACACGAGTTAGAGGA-1,7,2
GACACTGAGTTCAGTG-1,1,1
GACACTGGAACCCGAT-1,4,0
GACAGATTTCTGGCTC-1,0,5
GACAGCCAGACCTGAC-1,3,7
GACAGGCACACACTAT-1,3,3
GACATCCGTCGAACTG-1,3,2
GACATCGATTTATAAC-1,6,1
GACCAAACGTTGACTG-1,4,4
GACCAGAGCCCTGTAG-1,0,5
GACCAGGTCATTCATA-1,4,2
GACCCAATTATGATAC-1,6,1
GACCCGTCGCCGGCTA-1,4,0
GACCGACGTGAAAGCA-1,4,0
GACCGACTGAAGCGTC-1,3,7
GACCGATTAAATATGT-1,6,1
GACCGCGTCTGACGTG-1,4,0
GACCGTCAGGTCGTGA-1,7,2
GACCGTGCTGACGGTG-1,1,6
GACCTTCCACGTCTAC-1,3,7
GACGACGATCCGCGTT-1,0,5
GACGAGGCTAATAAAC-1,4,0
GACGCATACCCGTCGG-1,6,1
GACGCCGTAAAGGCTA-1,1,1
GACGCCTGTTGCAGGG-1,4,2
GACGCTTGCTTCTAAA-1,0,5
GACGGACCGCGTTCCT-1,4,0
GACGGGATGTCTTATG-1,4,6
GACGGGTTGGCCCGTA-1,1,1
GACGGTCAATAGAAGC-1,7,2
GACGTGAGACTCCATG-1,5,2
GACGTGTAGGGATTAT-1,7,2
GACTAACACAGCACCT-1,4,3
GACTAAGATCATGCAC-1,3,7
GACTAAGTAGGCTCAC-1,3,7
GACTACAAAGCGGTGG-1,1,1
GACTACAATTGCTCGT-1,4,0
GACTAGGCCGTTAGGT-1,3,7
GACTCACCCACGTGAG-1,4,0
GACTCCCAGAATAAGG-1,4,4
GACTCCTTCCAATTGA-1,6,1
GACTCGCGGGAATGAC-1,7,0
GACTCGGTCGGCGGAT-1,5,2
GACTGATTGGTCACAA-1,4,4
GACTGCAAATCGAGCT-1,3,7
GACTGCACCAGCCCAG-1,3,2
GACTGCGGCACGTGTA-1,7,2
GACTGCTGGTGAGAAA-1,6,1
GACTGGGCGCCGCAAC-1,4,0
GAGACTGATGGGTAGA-1,0,5
GAGACTTCGCGACCGA-1,1,1
GAGAGGGCGCGAGGTT-1,0,5
GAGAGGTGCATTCTGG-1,1,5
GAGAGTCTCGGGAGAG-1,6,1
GAGATCTGCTTGGCAT-1,0,7
GAGATCTGTCACTCCG-1,0,5
GAGATCTTCCATGACA-1,0,5
GAGATGGGAGTCGACA-1,0,5
GAGCACCTGTGTCCAG-1,3,7
GAGCATCAACAACTTG-1,6,1
GAGCATCATCCCTGGG-1,4,2
GAGCCACGGTAGTAGG-1,5,6
GAGCCAGCTACCTGTG-1,7,3
GAGCCGAGCGTTTATT-1,4,0
GAGCGAGGGAGTACCG-1,7,7
GAGCGCAAATACTCCG-1,4,3
GAGCGCGCACGAGTAG-1,7,3
GAGCGCTATGTCAGGC-1,7,2
GAGCGCTGTTAGGTAA-1,6,1
GAGCGGAATGCGGTGT-1,1,1
GAGCTAAGGGCATATC-1,3,7
GAGCTCTCGGACCTAA-1,4,6
GAGCTGTCGTCTCGGA-1,5,4
GAGGAATGGAGAGGTT-1,7,2
GAGGAGATCCTCATGC-1,5,6
GAGGAGTAATTCCTAC-1,5,6
GAGGATAAACAGTGCT-1,4,0
GAGGCCCGACTCCGCA-1,6,1
GAGGCCTGTTGATACA-1,4,0
GAGGCTATCAAAGTCG-1,0,5
GAGGGAGTCAGATCGC-1,1,1
GAGGGCATCGCGTATC-1,5,5
GAGGGCGCAGCTCTGC-1,3,7
GAGGGTAGTAACAAAG-1,6,1
GAGGTACATCCATCTT-1,7,7
GAGGTACGCGTGTCCC-1,0,5
GAGGTCCCAAAGATCT-1,4,0
GAGGTCTTAGTGGGTC-1,4,0
GAGTAAACCGGAAAGT-1,4,0
GAGTAAGGCCACGGGA-1,1,5
GAGTACGGGTATACAA-1,4,4
GAGTAGATACTAGTTG-1,0,2
GAGTATGCCCGCCTTG-1,6,1
GAGTATGCGCGTGCAT-1,3,7
GAGTCAGACCAGAATC-1,6,1
GAGTCCGCTTACCGGA-1,1,5
GAGTGTCAACCAGAAA-1,3,7
GAGTGTGCGGTACCCA-1,3,7
GAGTTGATGGCAATTT-1,1,1
GAGTTGTCACCAGTCT-1,6,1
GATAAATCGGTGGATG-1,4,4
GATAACTCGCACTGTG-1,3,7
GATAAGGCAGATGCAA-1,5,2
GATACGATGGGAGTCA-1,1,1
GATAGGTAACGTTGAC-1,1,6
GATAGTGCGAGTAAGT-1,1,6
GATATCTCATGCAATA-1,7,3
GATATGAGACACTAAC-1,3,7
GATATGCGGTAGCCAA-1,3,7
GATATGGATTACGCGG-1,7,2
GATATTGAGATTGGCG-1,7,3
GATATTTCCTACATGG-1,7,3
GATCAACATAAAGGGA-1,6,1
GATCATTCCAAACATT-1,0,5
GATCCCTTTATACTGC-1,0,7
GATCCGGGAATTAACA-1,0,3
GATCCTAAATCGGGAC-1,7,2
GATCCTCGACACTGGC-1,6,1
GATCCTCTTGCGCTTA-1,4,0
GATCGACACTATCTGA-1,7,2
GATCGCGGGCTCTCCA-1,1,5
GATCGCTACCCGATTT-1,7,3
GATCGCTATATCTCAG-1,6,1
GATCGGATAGAACCAT-1,0,5
GATCGGCGATAAGTCG-1,7,2
GATCGGTGGCCATAAC-1,0,5
GATCGTGACTGATATC-1,0,5
GATCTCGACGCTGTGG-1,4,0
GATCTGCTATCTAAGG-1,0,5
GATCTTGGAGGGCATA-1,0,5
GATCTTTGCAGGGTAT-1,0,5
GATGACAAGTAGGGCA-1,1,1
GATGACGATGATCGCG-1,5,7
GATGAGGAACCTTCGG-1,7,6
GATGATTTGAAACTGG-1,5,6
GATGCCACACTACAGC-1,4,2
GATGCCAGCAGAAGGC-1,4,6
GATGCCTTCTGCGGCA-1,6,1
GATGCGTCCTGCATTC-1,1,5
GATGCTACAAGCGCCT-1,7,3
GATGCTGTATTTCATC-1,3,2
GATGGCGCACACATTA-1,7,2
GATGGTGCCCTAGGCA-1,4,0
GATGTAACGAACCACC-1,6,1
GATGTCCGGATCACAT-1,5,6
GATGTCGGTCAACTGC-1,4,3
GATGTGTTGTCACAAG-1,4,0
GATGTTCAATCCACGA-1,1,5
GATGTTTGTGCGAGAT-1,7,2
GATTAACCGAAAGCCC-1,7,0
GATTAATCCTGGCTCA-1,5,6
GATTACTGAATTTGGG-1,1,3
GATTCCCTTGTCGCAG-1,0,5
GATTCCGCGTTTCCGT-1,7,3
GATTCCTATACGGCGC-1,7,3
GATTCGACGGTTCACG-1,0,2
GATTGACACTCTGCTC-1,4,5
GATTGCTCCAGTTGCA-1,6,1
GATTGGGAAAGGTTGT-1,3,7
GCAAACCCTACATTAT-1,3,7
GCAAACCTTGGCCATA-1,0,7
GCAAACGTAAGCGACC-1,6,1
GCAAACGTCGCCAGGT-1,4,0
GCAAAGGGCGTTAGCC-1,6,1
GCAAATATTACGCTTT-1,0,5
GCAACACACTAGAACT-1,4,6
GCAACAGCAGTATGCG-1,4,0
GCAACCACCAGACCGG-1,7,2
GCAACCACGGCCGCGT-1,0,5
GCAACGGCTAGTTATG-1,4,0
GCAAGAATTCCTTGGC-1,1,6
GCAAGATGTGTTCGCG-1,5,6
GCAAGTGCACAGAGAA-1,3,7
GCAAGTGTAAAGCATG-1,1,6
GCACAAACCCTAGATG-1,6,1
GCACAAACGAGGCGTG-1,4,6
GCACAACCTCGGGCGT-1,6,1
GCACAAGTGTCGGAAG-1,4,0
GCACACACTGGTAGCC-1,7,3
GCACACGCCCATGGTC-1,3,2
GCACAGCACGGGCCGA-1,6,1
GCACGCCTACTTAGAT-1,6,1
GCACGTGGTTTACTTA-1,0,5
GCACTAGTCGCGCTAT-1,4,0
GCACTGCCTACCTTTA-1,0,5
GCACTGTGCAAATGTA-1,5,6
GCAGACCCAGCACGTA-1,4,4
GCAGATCCATAAGACT-1,3,7
GCAGATCCTCGCAAAT-1,7,2
GCAGATTAGGGATATC-1,0,5
GCAGCACACAGCCCAG-1,4,0
GCAGCCTATATCACAT-1,4,0
GCAGCGGTGGGCATTA-1,5,5
GCAGGAACTTAGATCT-1,6,1
GCAGGACTATAGAATA-1,0,5
GCAGGTAGAGTATGGT-1,7,3
GCAGTGTGGCTATAGG-1,7,3
GCATACGAGGTCTTTA-1,3,7
GCATAGAGCACTCAGG-1,0,5
GCATCCCTAACTTTGA-1,7,2
GCATCGGCCGTGTAGG-1,4,0
GCATGAGGGACGCGGC-1,3,7
GCATTCAAGGCAACGC-1,4,0
GCATTCGAAATGAACA-1,7,2
GCATTGTAATTCATAT-1,3,3
GCATTTCCAAGGCTCC-1,4,0
GCCAACCATTTCCGGA-1,4,0
GCCAAGAATACTTCTG-1,0,5
GCCAATAGGGCATCTC-1,7,4
GCCACAATTTAAGGAC-1,1,5
GCCACTCAGAGCGCGA-1,7,0
GCCAGGAAAGAACACT-1,1,1
GCCAGGAGTAACCGAT-1,7,3
GCCAGGCGTTCGCATG-1,4,2
GCCATATTGCACACAG-1,7,3
GCCATCGAGCTGCGTG-1,6,1
GCCATCGATGCTGCAT-1,4,0
GCCATTAGCCTCAAAC-1,6,1
GCCCACCAAGGCTGTC-1,4,2
GCCCAGTTGGTATGCC-1,7,2
GCCCATGGGTGCAATG-1,4,0
GCCCGACTTCTTCCCG-1,6,1
GCCCGAGAGTCTAAAT-1,6,1
GCCCGATCTGTGGTCG-1,0,5
GCCCGCGCGTAAACGG-1,6,1
GCCCGCGCGTTTGACA-1,3,2
GCCCGTAATACCTTCT-1,3,7
GCCCTAGCCGTCGCGA-1,6,3
GCCCTGAGGATGGGCT-1,3,7
GCCGAAATTCCTACGT-1,0,5
GCCGACCCACGACTGC-1,6,1
GCCGATTGGCCAAGCT-1,0,6
GCCGCATTAGTCCGGC-1,3,7
GCCGCTAGATACGCAG-1,4,0
GCCGCTTGTGAGAAAC-1,0,5
GCCGGAAACACATCTT-1,5,6
GCCGGGTTAGGGTCGC-1,1,1
GCCGGTTTGGGCGGAT-1,5,6
GCCGTCGGTTTCGGGC-1,6,1
GCCGTGGAAGAAATGT-1,4,3
GCCTAGCGATCTGACC-1,7,4
GCCTATAGTGTCAGGG-1,7,3
GCCTATTCCGATATAG-1,7,2
GCCTATTTGCTACACA-1,4,0
GCCTCATCTGGAAATA-1,7,3
GCCTCCGACAATTCAC-1,4,0
GCCTCTATACATAGCA-1,2,4
GCCTGCTACACTGAGA-1,5,6
GCCTTCAGCCCTACCG-1,7,4
GCCTTGTATATGCAGT-1,4,4
GCCTTTGTCAGTGGAC-1,6,1
GCGAAACGATCGGGAG-1,3,7
GCGAAACTTAACTGGA-1,3,7
GCGAAGAATCTGACGG-1,7,7
GCGAAGCCATACCCGT-1,0,3
GCGACATGTAAACATC-1,4,2
GCGACCCAACCATCTG-1,6,1
GCGACGATAGTTGTAC-1,1,1
GCGAGAAACGGGAGTT-1,5,6
GCGAGAGGCCATGTAA-1,5,6
GCGAGAGTTGCGTCCA-1,4,0
GCGAGCGCATGCTCCC-1,4,0
GCGAGGCCCGAGCAGA-1,0,3
GCGAGTTCTGCAAAGA-1,0,2
GCGATTCTGGAAGCAG-1,7,2
GCGATTGTTAACGTTA-1,3,5
GCGCAAATATATTCAA-1,6,1
GCGCAAGAGCGCGCTG-1,7,0
GCGCATCCAGTCAGCA-1,7,2
GCGCCGTTCCACGATA-1,0,5
GCGCCTCCCACTCCGA-1,4,3
GCGCGGTCTAGTAACT-1,0,5
GCGCGTCATTGGTACA-1,3,7
GCGCTAAGTATGCATG-1,4,4
GCGCTAATTGAATAGA-1,0,5
GCGCTATGCCGAGGCA-1,1,5
GCGCTGATCCAGACTC-1,7,3
GCGCTGCTTTGCATTT-1,7,3
GCGCTTAAATAATTGG-1,7,3
GCGGACCGCGTTGTGG-1,6,1
GCGGAGAAACTTCGCA-1,6,1
GCGGAGAGGGAGAACG-1,3,7
GCGGCAAAGTATTGCC-1,1,1
GCGGCTCTGACGTACC-1,0,5
GCGGGAACCAGGCCCT-1,7,3
GCGGGCGAGCCTTACC-1,1,1
GCGGTCCCTAGACGCA-1,7,2
GCGGTGAACTGCGCTC-1,7,3
GCGGTTCCCTATCATG-1,1,6
GCGTAAATGGCCATAA-1,7,4
GCGTCCCTAAGACATA-1,6,1
GCGTCGAAATGTCGGT-1,3,2
GCGTCGCCAGGGTGAT-1,0,5
GCGTCTCTGCATTGGG-1,0,2
GCGTGGTACTGGGTTA-1,3,3
GCGTGTATGTCGTATT-1,4,6
GCGTTATATTTGGAAC-1,7,2
GCGTTCGGAGACCGGG-1,4,4
GCTAAACCTGAGGTGA-1,5,2
GCTAACTGAAGTCTGA-1,7,3
GCTAAGTAAAGGCGAT-1,2,4
GCTAAGTAGTTTCTCT-1,3,7
GCTAATACCGAATGCC-1,3,7
GCTACAATCGAGGATA-1,4,0
GCTACAGTACGGACCG-1,0,5
GCTACGACTTATTGGG-1,0,5
GCTACTATAGTAGAGT-1,7,3
GCTAGACCGTCTACTG-1,4,2
GCTAGAGTAGAGATGT-1,4,0
GCTAGCAGGGAGTGGG-1,4,0
GCTAGCGATAGGTCTT-1,6,1
GCTAGCTTGAATAGCT-1,6,1
GCTAGGCACCACGGAG-1,3,7
GCTAGTAGAGCTTGTA-1,0,5
GCTAGTTTCATTGAGG-1,4,0
GCTATACGTCTCGGAC-1,3,7
GCTATCATACTCATGG-1,7,2
GCTATCGCGGCGCAAC-1,7,6
GCTCAATCCGTTTATT-1,6,1
GCTCAATGTAATACCG-1,0,5
GCTCATTACTGCATGT-1,7,3
GCTCCCAGTCGGTCCA-1,4,0
GCTCCGCTCGCTTCAG-1,4,0
GCTCCGGACGTTGATA-1,5,6
GCTCCTGACATACTGG-1,6,1
GCTCGCGGTTCCGCTC-1,7,2
GCTCGCTCATGTCCAA-1,7,0
GCTCGGAATTTAAAGC-1,3,7
GCTCTAAACCCTGACG-1,0,5
GCTCTATGTTACGTGC-1,3,7
GCTCTCGGGTACCGAA-1,0,5
GCTCTTTCCGCTAGTG-1,1,5
GCTGAATCTTCCAATC-1,6,1
GCTGAGGCGTGAGTAT-1,0,5
GCTGCACGGTTTCTTA-1,0,5
GCTGCTAAGTAGTCGA-1,5,6
GCTGCTACTGCGTAGC-1,0,7
GCTGCTCTCCGGACAC-1,0,7
GCTGGACCCAAAGTGG-1,4,0
GCTGGCATATTCACCT-1,3,7
GCTGGCGGCGCATGCT-1,1,5
GCTGGGTCCGCTGTTA-1,1,6
GCTGGTTTAGGCCATA-1,6,1
GCTGTATTACTGGCCC-1,6,1
GCTGTCTGTGATCGAC-1,4,0
GCTGTTGCTACCGAAC-1,7,2
GCTTAATGTAACTAAC-1,3,7
GCTTACGTAGTTAGTA-1,0,5
GCTTATGAAGCAGGAA-1,3,7
GCTTCCATGTAACCGC-1,5,6
GCTTCCGTCCCTAGAC-1,3,3
GCTTCGACGTTCAATC-1,6,1
GCTTGATGATAATCAG-1,7,2
GCTTGGATCGATTAGG-1,7,4
GCTTTCAGAGGAGGTG-1,7,0
GGAAACCTTGTTGAAT-1,4,0
GGAAACTAAATGGGCC-1,4,0
GGAAAGTGCCCATGCC-1,7,3
GGAACCGTGTAAATTG-1,1,6
GGAACCTTGACTCTGC-1,6,1
GGAACGGCCTGCAGCC-1,4,0
GGAACTTTGGCGATTA-1,4,4
GGAAGCTCGCTTACAG-1,3,2
GGAATAACCTCAAGAA-1,4,6
GGAATGCGCTAGCGTG-1,3,7
GGACACAAGTTTACAC-1,4,4
GGACCAACAGGATAAC-1,0,5
GGACCTACGGTAACGT-1,4,0
GGACCTCTAGGCCGCC-1,6,1
GGACGGCTTGCGCAAC-1,5,6
GGACTCGACAGCGCAT-1,1,1
GGACTCGTGAGTGGTC-1,1,1
GGAGAAGTCATTGGCA-1,7,3
GGAGACCATCTACATA-1,1,1
GGAGACGACACCTTTG-1,0,6
GGAGCAACATTTCAAG-1,4,3
GGAGCACCAAGAACTA-1,3,7
GGAGCGAGGCCTACTT-1,3,2
GGAGGATTGAAAGGAG-1,4,0
GGAGGCCGAAGTCGTC-1,4,2
GGAGGCGAAGAACCGC-1,5,6
GGAGGGCTTGGTTGGC-1,0,5
GGAGGGTCAAGTAAGA-1,0,5
GGAGTGCCGCCCTGGA-1,3,7
GGAGTTGATTCTGTGT-1,4,5
GGATACTCATGAATTG-1,4,2
GGATCAAAGGACGAGG-1,5,2
GGATCATCCCGTACGC-1,4,0
GGATCCCTACCAGCTA-1,5,2
GGATCCGGAATATACT-1,3,7
GGATCTTACTGCCCTT-1,6,1
GGATCTTGACTCAACC-1,6,1
GGATGAAGATCGCTGA-1,7,3
GGATGACGCGAGTTTA-1,1,6
GGATGCTGGCGTTCCT-1,0,2
GGATGTCCTTACCGCA-1,3,3
GGATTAAGCTAAGGTC-1,5,0
GGATTCAGTACGGTGG-1,7,0
GGATTCCGCTATACCC-1,3,7
GGATTGAAGTAGCCTC-1,5,6
GGATTGCTGTGACTCC-1,3,7
GGATTTCACTTCTATA-1,3,7
GGCAAAGGCGCCAATA-1,1,1
GGCAAATTACTTTACT-1,1,1
GGCAAGCCCATAGTGG-1,0,5
GGCAAGGCGAAATAGC-1,0,5
GGCAATAGTCAATGAG-1,2,4
GGCACTCCACTGGGCA-1,0,5
GGCAGCAAACCTATGC-1,4,0
GGCAGCGGTAATCCTA-1,4,0
GGCATACAGGTAGCGG-1,0,2
GGCATATCGGTTCTGC-1,7,3
GGCATCAACGAGCACG-1,5,6
GGCCACAAGCGATGGC-1,3,5
GGCCCTCACCCACTTA-1,3,7
GGCCGAGACTCTGGTG-1,6,1
GGCCGGCGTCTGCTAT-1,3,7
GGCCGTTTGGGTTTCA-1,6,1
GGCCTGCTTCTCCCGA-1,5,2
GGCGAAATCTAACTTG-1,3,7
GGCGAGCATCGAGGAC-1,5,7
GGCGAGCGAAACGGCA-1,1,1
GGCGCAGGACATCTTC-1,0,5
GGCGCATGAATTGATG-1,1,6
GGCGCGGAGATCTTTC-1,2,4
GGCGCGTTCGAGTTTA-1,1,6
GGCGCTCCTCATCAAT-1,7,2
GGCGCTTCATTCCCTG-1,3,7
GGCGGAGTAATATTAG-1,0,5
GGCGGTAGGATCATTG-1,0,5
GGCGGTTTGCCGGTGC-1,5,6
GGCGTACCCTATATAA-1,1,6
GGCGTAGGGAAAGCTG-1,7,3
GGCGTCCTATCCGCTG-1,7,6
GGCTAAAGGGCGGGTC-1,4,2
GGCTACTATACACTCC-1,1,1
GGCTATTAAGTTGTAT-1,0,5
GGCTCCTCCACCTGTT-1,6,1
GGCTCGCGTTGAGGTA-1,7,2
GGCTCGTGCCACCAGC-1,7,2
GGCTCTGCTCCAACGC-1,3,7
GGCTGAAATAGCAAAG-1,3,7
GGCTGAGCATCGTAAG-1,4,0
GGCTGGCTAGCTTAAA-1,5,3
GGCTTTCAATAAGGGT-1,0,5
GGGAACCACCTGTTTC-1,4,2
GGGAACGGGAGGTTAG-1,0,5
GGGAACGGTTTCAGAT-1,6,1
GGGAAGACGGTCTGTC-1,3,7
GGGAAGGGCTTTCTCA-1,7,3
GGGAATGAGCCCTCAC-1,4,0
GGGACAGAGTTACTCC-1,6,1
GGGACCCGTATATCTT-1,1,1
GGGACTGCATAGATAG-1,0,2
GGGAGAACTCACAGTA-1,0,7
GGGAGGATGCCCGAAA-1,0,6
GGGAGTAATGGCTGGC-1,4,2
GGGAGTTAATGAGGCG-1,0,5
GGGATGGACCCGCGTC-1,1,6
GGGATGGTCGTAACCG-1,1,5
GGGATTTACCGCACCT-1,3,6
GGGCAACCGCACGTGC-1,2,4
GGGCAGAGCAATCGTT-1,1,1
GGGCAGGATTTCTGTG-1,6,1
GGGCCATTCGTGCTGG-1,6,1
GGGCCCGTCTTAAACA-1,1,5
GGGCCCTACGAAAGGG-1,3,7
GGGCCGGCCGAAGTAC-1,3,7
GGGCCTAAATGGGCTA-1,0,5
GGGCGATATGTGTGAA-1,3,7
GGGCGGCAAATGAATT-1,1,1
GGGCGGGTTCCCTACG-1,1,6
GGGCGGTCCTATTGTC-1,4,6
GGGCGTACATTTATAT-1,3,2
GGGCGTCACCACGTAA-1,1,5
GGGCGTCCACTGGCTC-1,7,2
GGGCGTGGTTTCCCAG-1,3,7
GGGCGTTTACATTCAT-1,6,1
GGGCTATGATCGATGG-1,1,1
GGGCTCATCGAACCCA-1,7,2
GGGCTGCCTAGGGCGA-1,0,5
GGGCTGGTTAGTCGCG-1,0,5
GGGTAATGCTGTGTTT-1,5,2
GGGTACACTCTGGAGG-1,0,5
GGGTACCCACGGTCCT-1,4,6
GGGTACTTCATGAACT-1,0,5
GGGTATGTATGCACTT-1,7,3
GGGTATTCTAGCAAAC-1,6,1
GGGTCACCGTGACGGT-1,0,5
GGGTCACGTGCTTATG-1,5,6
GGGTCAGGAGCTAGAT-1,1,5
GGGTCATGCGTACCAT-1,4,0
GGGTCGTGGCAAGTGT-1,4,0
GGGTCTATCGCTTTCC-1,5,6
GGGTGACACCTTAACT-1,1,5
GGGTGCATATGAAAGC-1,4,0
GGGTGGTCCAGCCTGT-1,4,0
GGGTGTTTCAGCTATG-1,3,7
GGGTTAACATTTGAGT-1,1,1
GGGTTCAGACGAACAA-1,4,2
GGGTTTAGGATAGGAT-1,4,0
GGTAAACTCTGCGCTG-1,0,5
GGTAAATGTGCGTTAC-1,7,3
GGTAACCGGGAGGATA-1,6,1
GGTAACTATGTATCTG-1,4,2
GGTACAAACATGCTAT-1,1,5
GGTACATCTGGGACGA-1,0,2
GGTACCATTAAGACGG-1,4,0
GGTAGAAGACCGCCTG-1,3,4
GGTAGACCGTTGGGCG-1,1,1
GGTAGTGCTCGCACCA-1,0,5
GGTATAGTGACACATA-1,4,0
GGTATTGCCGAGTTTA-1,0,5
GGTCAAGACTACTTCG-1,3,0
GGTCACGTTAGATTCA-1,5,6
GGTCAGTGGGTCCCAC-1,1,5
GGTCATTGTAGTCATA-1,5,1
GGTCCTTCATACGACT-1,5,6
GGTCGGATAAACGGCG-1,7,3
GGTCGGCCAGGAGCTT-1,3,7
GGTCGGTAATTAGACA-1,4,0
GGTCGGTCGTCCACAG-1,1,1
GGTCGTAAGCTCGCAC-1,6,1
GGTCTCCGTCCAGGTT-1,4,0
GGTCTCTGAATGGACT-1,6,1
GGTCTGAGAATCTGGA-1,3,7
GGTCTTGAGCGCTCTT-1,0,5
GGTGAAACCGGGAATG-1,5,2
GGTGAACGGGCTAGCC-1,5,6
GGTGAAGTACAGGGAT-1,6,1
GGTGAGATGCAGATAA-1,4,4
GGTGATAAGGAGCAGT-1,3,7
GGTGATTTCATCTTGT-1,4,2
GGTGCAGAGCCTATCG-1,4,0
GGTGCATAAATGATTA-1,1,5
GGTGCGGATAAGTGGC-1,7,2
GGTGCTGATCACAAAG-1,7,3
GGTGCTGGTACACATT-1,1,1
GGTGGACCACGTGTTA-1,5,6
GGTGGACTGCTCTGGC-1,7,2
GGTGTAAATCGATTGT-1,1,5
GGTGTTCTGTTTCTAC-1,4,0
GGTTACCACCCTCGGG-1,1,1
GGTTAGCTATATGTCT-1,7,3
GGTTAGGCTTGGAGAA-1,7,2
GGTTAGTTACGGCGCC-1,7,4
GGTTCCACCCGCTTCT-1,4,6
GGTTCTACTCGTCTGA-1,4,0
GGTTGTATCGTGAAAT-1,4,6
GGTTGTGTAGCCTGGC-1,7,3
GGTTTAATTACCATCG-1,6,1
GGTTTACAATCTCAAT-1,3,7
GGTTTAGCCTTTCTTG-1,4,0
GGTTTCAATCGGTCAG-1,3,7
GGTTTGAGTGCTGGAA-1,4,0
GGTTTGTGACCTGAGG-1,4,0
GTAACATCTAAGATAA-1,4,0
GTAACTGCCCAAGGAG-1,1,5
GTAACTTGCGGCAGTC-1,4,0
GTAAGCGGGCAGTCAG-1,3,7
GTAAGGATTTGTCGGA-1,7,0
GTAAGTAACAGTCTGG-1,3,4
GTAAGTAGGGTATACC-1,3,7
GTAATAAAGGGCTCCC-1,4,3
GTAATCTGATTCTTCG-1,1,1
GTACACTTACCTGAAG-1,0,2
GTACAGAGGCAAGGGT-1,3,7
GTACGACGGCGCTGCG-1,5,2
GTACGAGATTGCGACA-1,3,7
GTACGCTTCATTGCAC-1,3,2
GTACGTCACGTATTAA-1,5,6
GTACGTTTGCCCGTCA-1,0,5
GTACTAAGATTTGGAG-1,3,2
GTACTCCCTTATCGCT-1,3,4
GTACTCCTGGGTATGC-1,4,2
GTACTGAGGTCGTAAC-1,4,0
GTACTGCATGAAGCGT-1,5,6
GTACTGGAGTTAGACC-1,0,5
GTACTTGGGCACTTCT-1,4,2
GTAGAAACGGGTGGAG-1,5,6
GTAGACAACCGATGAA-1,4,0
GTAGACACGCCTGACT-1,0,2
GTAGACGTCGTTACAT-1,4,0
GTAGAGGGAGACAAGT-1,6,1
GTAGCCAAACATGGGA-1,0,6
GTAGCGCTGTTGTAGT-1,4,0
GTAGCGGCTATACACT-1,0,5
GTAGCTAGTAAGCGCG-1,4,0
GTAGCTCCGGGAGGCT-1,6,1
GTAGCTTCCTCTTGTT-1,0,2
GTAGGTGATCCGTGTA-1,7,3
GTAGTCGCGGGAATCA-1,3,7
GTAGTCTACGATATTG-1,3,7
GTAGTTCGAAGGCGAA-1,6,1
GTATAATCTCCCGGAT-1,5,6
GTATAGGACTCAGTAG-1,3,7
GTATAGTGGCCCATGT-1,4,0
GTATATGTTACGGCGG-1,5,0
GTATCAAACGTTAGCT-1,7,2
GTATCAGCTTGGGTTC-1,7,2
GTATCCTTTGGTAACC-1,4,0
GTATCGGGACGAGCTG-1,5,6
GTATCTCAGTCTTGAC-1,6,1
GTATCTCCCTAACTGT-1,4,2
GTATCTTGTTGCTCAC-1,5,7
GTATCTTTCATAACCA-1,0,5
GTATGAAATTTCACTC-1,1,1
GTATGACGTGGGAAAC-1,0,5
GTATGTGGGTCTAGTT-1,3,7
GTATTAAGGCGTCTAA-1,7,2
GTATTCTGAGAAACGA-1,1,1
GTATTTAATGGCATAA-1,0,2
GTCAAAGAAGTGGTGT-1,6,1
GTCAAAGTTTACATAG-1,4,6
GTCAACCAGGCCTATA-1,3,7
GTCAAGCGGACTCGGG-1,0,3
GTCAATTGTACTGAAG-1,1,5
GTCACAAAGTTTCCAA-1,4,0
GTCACCTGTCTATGTC-1,4,0
GTCACTCTCCAAATCT-1,7,2
GTCAGAATAGTCTATG-1,3,7
GTCAGTTGTGCTCGTT-1,7,2
GTCAGTTTGGTAGTCG-1,7,2
GTCATCTCCTACAGCT-1,5,6
GTCATGCACCTCCGTT-1,0,5
GTCATGCGCGAGGGCT-1,4,4
GTCATGGACATGACTA-1,0,5
GTCATTAGAGCGAACG-1,0,2
GTCATTGCATTGACCC-1,5,6
GTCCAATATTTAGCCT-1,0,5
GTCCATTACTGCTACG-1,4,0
GTCCCAACGTAAAGTA-1,0,5
GTCCCGCGACGTTATG-1,3,7
GTCCGGACCTGAAATT-1,7,3
GTCCGGCTGAATTGCG-1,0,5
GTCCTACAGGCGGCTC-1,4,0
GTCCTACGAATAGTCT-1,7,0
GTCCTAGGATACCTTA-1,6,6
GTCCTTCTAGTGGGTT-1,4,0
GTCCTTTAATGACTTC-1,3,2
GTCGAATTTGGGCGCT-1,6,1
GTCGCCGTTGTGTGTT-1,6,1
GTCGCGTAACCCGTTG-1,0,5
GTCGGATATCTCAGAC-1,3,7
GTCGGATGTAGCGCGC-1,7,3
GTCGGGAAGCAGAAAC-1,0,5
GTCGTACCATCTCGGG-1,1,6
GTCGTATTGGCGTACA-1,7,3
GTCGTCAATTATAAGG-1,4,0
GTCGTGTCTGGTCATC-1,4,0
GTCGTTATTCGCTTAT-1,3,7
GTCTACTCAATTACAA-1,3,7
GTCTAGTGAGCCGCTT-1,7,2
GTCTATCTGAGTTTCT-1,0,5
GTCTATTGGTTCCGGT-1,7,3
GTCTCAAGGCCCGGCT-1,0,5
GTCTCCTGCCAGTATG-1,6,1
GTCTCGACTAAGTTTG-1,4,0
GTCTCGATCTGCTTTC-1,3,7
GTCTCGCCAACACGCC-1,4,0
GTCTGGGCGGTCGAGA-1,1,1
GTCTGTAGGTTGAACA-1,6,1
GTCTTAGTACAGCCGG-1,7,3
GTCTTGAGGAGCAGTG-1,4,7
GTCTTGTAGCTATTCA-1,4,6
GTGAAACGGCGCCACC-1,7,3
GTGAAACGTGCTCCAC-1,4,2
GTGAACTCCCATTCGA-1,7,0
GTGAAGATTTCAAGTG-1,4,0
GTGAAGCCGTATAGTC-1,4,0
GTGAAGTCACGACTCG-1,1,5
GTGACAGCTTCCCACT-1,3,3
GTGACCGCACACTACG-1,3,7
GTGACGAGGGTGACCC-1,4,0
GTGACGCAGGTTTCAT-1,3,7
GTGACTTCAGTAGTGC-1,1,1
GTGAGATAACCTTATA-1,1,1
GTGAGCGTGCTGCACT-1,3,2
GTGAGGACACTTAAGG-1,0,5
GTGAGGAGCGGTTGAG-1,7,3
GTGAGTGGTACAACGC-1,1,6
GTGATCAAGCGTGCAC-1,6,1
GTGATCACTAACGCCT-1,4,0
GTGATCATAGATCTGC-1,1,1
GTGATCCTTGTCATGA-1,7,3
GTGATGCACAACATCT-1,4,2
GTGATTCGCCGCTCAA-1,6,1
GTGCAACAAATGTGGC-1,7,3
GTGCACCAGCTTCAAC-1,0,5
GTGCACGAAAGTGACT-1,3,7
GTGCCATCACACGGTG-1,0,4
GTGCCCGTTCGGATTC-1,3,7
GTGCCGCTTCAAAGGT-1,1,1
GTGCCTAGCTATGCTT-1,5,6
GTGCCTCAGTGTACGG-1,4,0
GTGCGAAATCGAACAC-1,1,1
GTGCGACAGGGAGTGT-1,7,0
GTGCGCAGCTTGCTCC-1,5,6
GTGCGCTTACAAATGA-1,4,0
GTGCGGGACCATCGGC-1,7,3
GTGCGGGTCTCCAAAT-1,3,2
GTGCGTGTATATGAGC-1,3,7
GTGCTCAAGTACTGTC-1,0,5
GTGCTTACATCAGCGC-1,4,4
GTGGAACCTACATGCG-1,7,3
GTGGACCAACCCGATT-1,1,1
GTGGACGCATTTGTCC-1,0,5
GTGGACGTGCTGAGAC-1,4,0
GTGGAGCGTTTACCGA-1,6,1
GTGGAGTCGGCGGTTG-1,6,1
GTGGCAAACAGCGGCA-1,6,1
GTGGCCGGTTTCTCGG-1,6,1
GTGGCGGGCCGTAGCT-1,4,2
GTGGCGGTCCCAGCGT-1,0,5
GTGGCGTGCACCAGAG-1,5,6
GTGGGAAGACTGAATC-1,0,5
GTGGGCTTAGACACAC-1,0,2
GTGGTATAGTCTGCCG-1,6,1
GTGGTCAGCGAAGTAT-1,4,0
GTGGTGGCCAAGTGAA-1,0,7
GTGGTTACTTCTTTCG-1,7,0
GTGGTTTCCGCCTTTC-1,0,5
GTGTACCTTGGCTACG-1,3,7
GTGTATATCAGCGGGC-1,3,7
GTGTATGACTTTAAAG-1,5,6
GTGTCAGTGTACGTGG-1,1,1
GTGTCCGATAAGGCAT-1,4,0
GTGTCGTATAGCGTTC-1,7,2
GTGTGAATAACTTAGG-1,3,7
GTGTGAGCCGAGGTGC-1,4,6
GTGTTACTATGCGTCC-1,0,5
GTTAAAGTAGGACTGG-1,3,7
GTTAACATCACTTAAA-1,3,7
GTTAACTATGTTGTCA-1,4,0
GTTAAGGGTGCGATGT-1,3,7
GTTAAGTTAGAGTGGG-1,4,0
GTTAATGTCTATCTTA-1,7,2
GTTACAATTGGTGACG-1,0,5
GTTACCTACAACTTGC-1,0,5
GTTACGAAATCCACGC-1,5,2
GTTACTTTGGGCCTAG-1,1,5
GTTAGAGTGTGCCGCT-1,7,2
GTTAGCCCATGACATC-1,7,3
GTTAGCCGTAAATCAA-1,4,0
GTTAGGCTACCCGTTT-1,6,1
GTTATAATACGGTGAA-1,4,0
GTTATATTATCTCCCT-1,1,6
GTTATCACCTTCTGAA-1,4,6
GTTATTAAATACGACC-1,4,0
GTTATTAACGTGGGAG-1,4,0
GTTCAATCTATGTCAA-1,4,0
GTTCACAGGAGTCTAG-1,5,6
GTTCAGTCGCCAAATG-1,0,6
GTTCATCGTTTGGCTG-1,4,0
GTTCCAAGACAGCGAC-1,7,2
GTTCCAGTCTGACCAT-1,7,2
GTTCCGTCCGCCTGCA-1,6,1
GTTCGCCATAAGTGCC-1,1,6
GTTCGCTGAGACGTCT-1,4,0
GTTCGGATCGGGAACA-1,4,0
GTTCGGGCGTACCATT-1,4,0
GTTCGTCTAAAGAACT-1,7,3
GTTCGTTGCGGACCAG-1,5,6
GTTCTTCCCTCGATGT-1,3,7
GTTGAACCGGTTCCAT-1,1,1
GTTGAGTCCCGCCGGT-1,3,7
GTTGCACGGAGTTTCG-1,3,7
GTTGCGGACGGTCAGG-1,5,6
GTTGGATTCAGTGGCT-1,7,0
GTTGGATTGAGAACAC-1,3,3
GTTGGATTTGCGTTGG-1,0,5
GTTGGTCATGCTATCC-1,0,5
GTTGTCGTGTTAGTTG-1,7,6
GTTTACGTTCCATCTG-1,2,4
GTTTCAAACGAGTTGT-1,4,0
GTTTCATATCGTCGCT-1,0,5
GTTTCCTGGAGGGTGA-1,3,7
GTTTCTGCAGTCTCCC-1,0,5
GTTTGACCAAATCCTA-1,0,5
GTTTGAGCGGTTATGT-1,4,2
GTTTGGCCCAAGTTAT-1,3,7
GTTTGGCCGCTCAGCG-1,4,6
GTTTGGGCTTGTGAGC-1,0,5
GTTTGGGTTTCGCCCG-1,7,3
GTTTGGTAGGGTCAAC-1,1,1
GTTTGGTGATCGGTGC-1,6,1
TAAACCCAGGAGGGCA-1,6,1
TAAAGAGCCCGAAACC-1,4,0
TAAAGCGGTATTTCCA-1,1,1
TAAAGCGTTAGGAGAA-1,3,7
TAAAGCTGCAATAGGG-1,4,0
TAAAGGAGAAACTAGT-1,4,0
TAAATGAATCCGTTTC-1,7,3
TAAATGCCGTCTCATG-1,4,0
TAAATTTAGTAACACC-1,6,1
TAACAAAGGGAGAAGC-1,4,2
TAACAATATTTGTTGC-1,7,2
TAACAGCGTTTGTGCT-1,6,1
TAACATACAATGTGGG-1,0,5
TAACATACACGCGATC-1,6,1
TAACCGCCCGCAGTGC-1,3,2
TAACCTACCGTCCGAG-1,7,0
TAACCTAGGGAGTCCA-1,4,4
TAACGCTTTGAGAGCG-1,7,2
TAACTATCGAAGGTCC-1,7,2
TAACTATTACGCCAAA-1,4,0
TAACTCATCCGCGCGG-1,1,1
TAACTCCATGGAGGCT-1,4,2
TAAGAGGGACAGGGAC-1,6,1
TAAGATTTAGCGGGAG-1,5,6
TAAGCAGGCGACACGC-1,3,7
TAAGCGCGAATCAAAT-1,6,1
TAAGGAACTTGTGGGA-1,7,2
TAAGGCAACATAAGAT-1,3,3
TAAGGCATAACATCAA-1,1,1
TAAGGCCCGTCACCCT-1,3,7
TAAGGCTGAATCCCTC-1,7,3
TAAGGGCCTGTCCGAT-1,7,3
TAAGGGCTGGGAGAGG-1,0,5
TAAGTAAATGTGCCGC-1,4,0
TAAGTAACATCTTGAC-1,6,1
TAAGTCGCCGAGTATC-1,6,3
TAAGTTGCGACGTAGG-1,7,3
TAATAAACAAGGAGAT-1,7,3
TAATACACAGTAGTAT-1,3,7
TAATAGAACAGAGTTA-1,6,1
TAATAGGTCACCAGAA-1,6,1
TAATAGTGACGACCAG-1,3,7
TAATATTGAAATTCGC-1,7,2
TAATCGATCCGTACGT-1,7,3
TAATGAAAGACCCTTG-1,5,4
TAATTACGTCAGTAGA-1,4,0
TAATTAGATGGATATG-1,3,2
TAATTAGGACATCCGT-1,4,0
TAATTGGAATCGGGAA-1,4,0
TACAAATTGCGGAGGT-1,4,4
TACAACGCACAACTCA-1,1,5
TACAAGCTGTTCACTG-1,0,2
TACAAGTCTCGTGCAT-1,3,7
TACAGAAACGGTGGGC-1,7,3
TACATAGGCATACACC-1,1,5
TACATCCCTATCCCTG-1,0,5
TACATTTCTAACGTGC-1,1,1
TACCAAATAGCCCAGA-1,0,4
TACCAATAAAGTACCA-1,3,7
TACCAGAAGTAGGTTC-1,1,4
TACCAGCTAGGTTTAA-1,7,3
TACCAGGAATCCCGTC-1,1,1
TACCGCGGACTTGCAG-1,7,0
TACCGGCTCACTGCCC-1,0,5
TACCGGTCGTTTCCAT-1,1,1
TACCGTAGGTTAACTA-1,0,5
TACCGTGCCTCGGACC-1,0,5
TACCTACTCCCAGTAT-1,0,5
TACCTCACGCTTGTAC-1,7,2
TACCTCAGTTGTCTGT-1,6,1
TACCTCCACACCAATG-1,6,1
TACCTGCTGCACTGTG-1,7,2
TACCTTAAGATTTCCC-1,6,1
TACGAACACGACTTCA-1,0,3
TACGACGCTTGCTGCG-1,0,5
TACGACTGCCTCTTAG-1,5,5
TACGAGAACTTCACGT-1,0,5
TACGATGTTGATCATC-1,0,5
TACGCAGTTCTTTCCT-1,1,1
TACGCCATATTCTAAT-1,0,5
TACGCCGAGGGTACCC-1,1,1
TACGCCTCCATTCCGA-1,3,7
TACGCTATAGAAACCT-1,4,0
TACGCTCGGTATTGGA-1,4,2
TACGCTGCTGTGTTAA-1,6,1
TACGGGATGCTAGCAG-1,3,7
TACGTAAAGCGGAGTG-1,2,4
TACGTACTAGTGCTGA-1,6,1
TACGTGCACTATGCTG-1,4,2
TACGTTTACCGGCAAT-1,0,6
TACTATGGTTCCTCAG-1,6,1
TACTCCTCTAGTTGAC-1,6,1
TACTCGGCACGCCGGG-1,3,7
TACTCTCCGAACAAAT-1,3,7
TACTCTTACTTTACTG-1,4,6
TACTCTTTCGTCTTCA-1,1,1
TACTGAACAGATTTAG-1,6,1
TACTGAGGGAAGAAAG-1,6,1
TACTGCAATCAATTAC-1,7,0
TACTGGACAGCTCGGC-1,3,7
TACTGTTTCTCTGGTA-1,4,0
TACTTGTTAGTAGTCC-1,3,7
TACTTTACTGAGCCGG-1,7,3
TACTTTCCGCACGCCA-1,5,5
TAGAAACCACTAAGTA-1,4,0
TAGAAAGGTGGCGCTA-1,3,7
TAGAAATTCACGTATA-1,3,7
TAGAATAGCCGATGAA-1,4,0
TAGAATTAAGGGCAAC-1,7,7
TAGACGAAACGCCAAT-1,3,7
TAGACGCCCGTACCGG-1,3,7
TAGACTACCTAGCGTT-1,4,3
TAGAGATCATGCAACT-1,1,5
TAGAGCTACGAAGAAC-1,7,3
TAGAGGTTCTACTTGT-1,2,4
TAGAGTCTAAGCGAAC-1,0,5
TAGATATGGACTGGAA-1,1,1
TAGATCCGAAGTCGCA-1,7,2
TAGATGGTTCCTTACT-1,4,3
TAGATTCAAAGTGCGG-1,6,1
TAGATTCCTGGTTATT-1,3,7
TAGCAACCTGTCACAA-1,3,2
TAGCAGTATGACTAAA-1,7,2
TAGCCAGAGGGTCCGG-1,5,6
TAGCCATTTCAAAGTC-1,3,7
TAGCCGGCGGTCAGCG-1,3,7
TAGCGTCCCTCGATTG-1,4,0
TAGCGTCCGGTGTGGT-1,3,7
TAGCGTTGGGTCTTAC-1,0,2
TAGCTAAGTCCGGGAG-1,0,3
TAGCTAGAAGGCATGA-1,1,1
TAGCTAGTGATGATGG-1,1,6
TAGCTCGCCTGATAAC-1,1,1
TAGCTGATGTGAAGCG-1,0,5
TAGGAACAGCCTCCAG-1,4,0
TAGGCATGTTACGCCA-1,3,7
TAGGCCTATATAGTCT-1,2,4
TAGGCGATGAGGTCTC-1,6,1
TAGGCGGCTGCAAAGA-1,6,1
TAGGCTAAAGTGGCAC-1,4,6
TAGGGAGCTTGGGATG-1,7,7
TAGGGTGTTTCAAGAG-1,3,7
TAGGTCCAAGTAAGGA-1,3,7
TAGGTCGCCGGAACTG-1,4,4
TAGGTGACGATAACCT-1,3,7
TAGGTGAGCCCTACTC-1,3,3
TAGGTGCTCGCCTAGC-1,3,7
TAGGTGTTCCACAGAT-1,1,5
TAGGTTCGAGTTCGTC-1,0,7
TAGTACCACAACTTTC-1,6,1
TAGTACCTTAGTGGTC-1,4,2
TAGTAGCTTATACCAG-1,1,1
TAGTCCCGGAGACCAC-1,1,5
TAGTCCGCAGAGAATG-1,1,1
TAGTCCGTATGCATAA-1,2,4
TAGTCGATCACGGGTT-1,7,3
TAGTCTAACAACGAGA-1,0,2
TAGTCTGCGGCACATT-1,1,1
TAGTCTGTGACGTTGC-1,4,0
TAGTCTTTCCGAATTG-1,4,2
TAGTGCCCTCCAGAGT-1,0,5
TAGTGGAACTCATACA-1,4,4
TAGTGTCAGAAACGGC-1,5,6
TAGTTAAGATAGGATA-1,7,3
TAGTTTATTCTTGCTT-1,4,0
TATAAATCCACAAGCT-1,7,2
TATAAGTGAGGATAGC-1,0,2
TATACACAGACGCCTT-1,1,6
TATACACGCAAAGTAT-1,7,5
TATACCGAGTGCCACA-1,4,6
TATACGCGTCATCACT-1,0,3
TATACTCATGCGGCAA-1,4,2
TATAGAGTCGCTTGAA-1,6,1
TATAGATGGTCGCAGT-1,4,0
TATAGGGTACTCATGA-1,3,4
TATATAGGGCTTTACG-1,6,1
TATATATCGAGAAATG-1,6,1
TATATCAAAGTGATCT-1,6,1
TATATCCCTGGGAGGA-1,7,3
TATATTACAAATGTCG-1,4,0
TATATTCGCGTCGATA-1,7,2
TATCACAGCACGGGCA-1,4,2
TATCACCATGTAAAGT-1,4,0
TATCACCCAACCGACC-1,7,0
TATCACTTCGAGTAAC-1,4,0
TATCAGTGGCGTAGTC-1,1,1
TATCCAATTGGTTATC-1,3,7
TATCCATATCATGCGA-1,7,2
TATCCATCTCGGTTAG-1,6,1
TATCCGCACCGTCGGG-1,1,3
TATCCTATCAACTGGT-1,0,5
TATCCTGCATGGGAAT-1,7,2
TATCGATCTATGCATA-1,7,3
TATCGATGATTAAACG-1,3,7
TATCTACAGAGGTAAT-1,3,3
TATCTACCACAGCGGG-1,1,6
TATCTAGCCTAAAGGA-1,3,7
TATCTGAGCCGATATT-1,6,1
TATCTTGCAATACAAC-1,6,1
TATGAAGACAGGTGCG-1,5,2
TATGATAAATCTAACG-1,4,0
TATGATCCGGCACGCC-1,4,0
TATGATCTTCTCTTTA-1,7,3
TATGATTCTGCTTGGT-1,5,4
TATGCTCCCTACTTAC-1,3,7
TATGGAGTTTCTCGTT-1,5,6
TATGGATGTGCTACGC-1,0,5
TATGGCCCGGCCTCGC-1,3,7
TATGGGACCGAGCAGG-1,0,5
TATGGGTACGTATCGT-1,0,5
TATGGTCTGAGTAACA-1,3,2
TATGGTTAGTGGGAGA-1,7,0
TATGTAAAGTGCTTAA-1,1,1
TATGTAGAAACCCGGC-1,6,1
TATGTCAAGACCGACT-1,7,3
TATGTCTCATTGTGCC-1,3,3
TATTAACACCAAAGCA-1,6,1
TATTAACCTGACCGCG-1,6,1
TATTACCATCCTGCTT-1,7,3
TATTATGTTTGCCTGC-1,6,1
TATTCAATTCTAATCC-1,0,5
TATTCCACTCAGCTCG-1,1,1
TATTCCGAGCTGTTAT-1,4,0
TATTCCGGCAGTCCTA-1,4,6
TATTCCTCCGCCCACT-1,6,1
TATTCGTGCCAGAATA-1,0,5
TATTGCCGGGCTTGTA-1,0,5
TATTTAGTCTAGATCG-1,3,2
TATTTATACCGAGTAG-1,7,3
TATTTGATTTGCACAG-1,5,6
TATTTGTTACCCTTTA-1,3,7
TCAAACAACCGCGTCG-1,0,7
TCAAACTTAGATTGTT-1,0,4
TCAAATTTGAGACTCA-1,0,5
TCAACAAAGATAATTC-1,6,1
TCAACACATTGGGTAA-1,4,0
TCAACATAGCGCCCTA-1,6,1
TCAACATCGACCGAGA-1,0,4
TCAACCATGTTCGGGC-1,3,2
TCAACGAGGAGACAAA-1,1,5
TCAACGCAGGAAATAA-1,6,1
TCAACGCGACCGGCAG-1,0,6
TCAACTAACGTATAAC-1,7,2
TCAACTGCAGAGTCAG-1,4,0
TCAAGAAATACTAGCT-1,4,0
TCAAGCGCGGACGGTA-1,4,0
TCAAGGTTACTACACC-1,4,0
TCAATACGCCGTCATG-1,0,7
TCAATCCGGGAAGTTT-1,7,6
TCACAAACCGAGGTAC-1,7,0
TCACAGATCCTCAAAC-1,2,4
TCACAGCAAACTCGAA-1,1,1
TCACAGGAGAATAAGA-1,6,1
TCACAGGGAATCGCAA-1,7,3
TCACAGGTTATTGGGC-1,3,2
TCACATCTTATCTGAT-1,7,2
TCACCCTCTTAAGATT-1,1,1
TCACCGCTCGGCACTC-1,3,3
TCACGATGTCCGTGGA-1,1,5
TCACGCATTGTAGATC-1,0,6
TCACGGCCCAAGAGAG-1,6,1
TCACGGTCATCGCACA-1,3,7
TCACGTGCCCGATTCA-1,0,2
TCACTACGACCAATGC-1,7,2
TCACTATCGTGCAATC-1,5,2
TCACTCAGCGCATTAG-1,4,4
TCACTCGTGCAACGGC-1,7,2
TCAGAACCTCCACAGG-1,4,2
TCAGACGCTATAGAAG-1,0,5
TCAGCAAATGCATCTC-1,0,5
TCAGCAGTAGGCCCTG-1,1,1
TCAGCCAATCCGTAAA-1,4,0
TCAGGGCGCAAACTCG-1,4,0
TCAGGGTGCACGAAAC-1,4,0
TCAGGGTGTAACGTAA-1,0,5
TCAGGTTCTTTGAGAA-1,0,2
TCAGTACTGACCCGCG-1,7,2
TCAGTAGGGACTATAA-1,1,6
TCAGTGTATACGTCAT-1,1,1
TCAGTTACGGAATGAT-1,4,0
TCATACTTACAGATCC-1,4,2
TCATATGAGCTTTGTT-1,0,5
TCATCACTCGAGCTCG-1,4,0
TCATCCCAGAGGGTGG-1,7,2
TCATCGATGGTCCCAA-1,6,1
TCATGCAGGTTCTCAT-1,7,3
TCATTTAAGTCTCCGA-1,4,0
TCATTTAGAAGTGTGA-1,4,0
TCCAACTCAGCTATCT-1,4,2
TCCAACTTTAAATTCT-1,0,5
TCCAAGCCTAGACACA-1,7,7
TCCAATAAAGGCTACC-1,1,5
TCCACAATGGTTTACG-1,4,2
TCCACATCGTATATTG-1,0,5
TCCACCAAGACATAGG-1,7,6
TCCACCTCTAGCCTTT-1,1,1
TCCACTTTATCTAGGT-1,3,7
TCCAGAGCACCGGTTC-1,5,6
TCCAGCGCTATAAGCG-1,5,0
TCCAGGCGAGTACGGT-1,0,5
TCCAGGGTATATACGA-1,0,5
TCCATCAATACTAATC-1,6,1
TCCATTAGTTGGATAG-1,5,6
TCCATTGTGACCTCGT-1,4,0
TCCCAAACAGACAACG-1,4,0
TCCCAAAGACGAAGGA-1,3,6
TCCCAAAGCCCTAAAT-1,4,0
TCCCACGGAGGGAGCT-1,4,0
TCCCACTCTCTTCCGG-1,4,4
TCCCAGCTTTAGTCTG-1,0,5
TCCCAGGCTTAGCTAA-1,0,5
TCCCGCGTACTCCTGG-1,0,5
TCCCGGGTGTGCTGCT-1,3,4
TCCCGGTCAGGAATTT-1,5,6
TCCCGTCAGTCCCGCA-1,3,7
TCCCGTGTGCAATTTG-1,3,7
TCCCTAGATCAATAGG-1,4,0
TCCCTGGCGTATTAAC-1,6,1
TCCCTGGCTCGCTGGA-1,3,7
TCCCTTAGATTACTCG-1,7,3
TCCCTTGTCTGAAACT-1,0,5
TCCGAACTTGGCTTAC-1,3,2
TCCGAAGTAGTCACCA-1,1,5
TCCGAATGGTCCTGAG-1,4,0
TCCGACCGCTAATCAA-1,6,1
TCCGAGAAGGCTAAGC-1,5,6
TCCGATAATTGCCATA-1,5,7
TCCGATGACTGAGCTC-1,3,7
TCCGATGGTGCGACAT-1,0,7
TCCGATTACATTGCCG-1,3,7
TCCGCCTGTCTACAAG-1,7,2
TCCGCGGCAGCATCTG-1,3,7
TCCGCGGCCCAATGAA-1,4,0
TCCGCTGTCATCCCGG-1,3,7
TCCGCTTATCCCATTA-1,0,6
TCCGGAGGAAGGGCTG-1,4,0
TCCGGCCTAGCGTACA-1,7,2
TCCGGCCTGCATCGAT-1,4,0
TCCGGGCTTGACGGGA-1,5,2
TCCGGTTCGTCCGGTC-1,1,1
TCCGTAACCACAATCC-1,4,0
TCCGTTAAGCTAATAT-1,7,3
TCCGTTTAGCCTTGAA-1,3,7
TCCTAAATTGGGAAGC-1,0,7
TCCTAACCGTCGGGCA-1,6,1
TCCTACATCCACGGCC-1,3,7
TCCTAGCAAAGAAGCT-1,0,5
TCCTCCTAAGACATTC-1,1,1
TCCTCGGGCTGGGCTT-1,0,5
TCCTCTACGAGATGGC-1,5,2
TCCTCTCCAGTTGTCC-1,5,6
TCCTCTGGCCCATTAG-1,4,0
TCCTGCCAACTGGAGA-1,7,2
TCCTGCGTTGATACTC-1,0,5
TCCTGGCGCTGCCTGG-1,5,0
TCCTTACGACGGTCCG-1,7,3
TCCTTCAGTGGTCGAA-1,7,2
TCCTTGTCCTTTAATT-1,0,7
TCCTTTAAATCCGCTT-1,7,0
TCCTTTCTTACGCTTA-1,3,2
TCGAAATTTAGGACCA-1,0,5
TCGAAGAACCGAGCAC-1,7,3
TCGAATATCCCGCAGG-1,1,1
TCGACAACTGAACCCG-1,6,1
TCGAGACCAACACCGT-1,0,7
TCGAGCCAGGCAGGCC-1,1,1
TCGATAGGCTAGTCGC-1,4,0
TCGCAAAGATGCATTT-1,7,2
TCGCACCAGGAGGCAG-1,3,7
TCGCATAAAGGGCGCA-1,5,2
TCGCATCCCTAAGTGT-1,4,0
TCGCATTCAATGACTT-1,3,2
TCGCCCAACTGACTCC-1,0,5
TCGCCGAAGTTGCGTC-1,1,1
TCGCCGACATATTCGC-1,7,4
TCGCCGGTCGATCCGT-1,5,2
TCGCCTCGACCTGTTG-1,5,6
TCGCGTAGCAGTGTCC-1,7,2
TCGCGTCCAGAAGGTC-1,3,7
TCGCTAAACCGCTATC-1,7,3
TCGCTACTGGCTTTGA-1,3,7
TCGCTCGATATATTCC-1,0,5
TCGCTCGGCACCAGCG-1,4,0
TCGCTGGGCGGATTGT-1,0,4
TCGCTGTGCGTAAATC-1,7,2
TCGCTTTAAACGTTTG-1,3,7
TCGGAATGACCATCAA-1,4,0
TCGGAATGCGCTCTGA-1,7,3
TCGGACGCCCAGCCCA-1,3,7
TCGGAGAGTATCGGGA-1,0,5
TCGGAGTACATGAGTA-1,2,4
TCGGATCTGGATGACC-1,6,1
TCGGCGAACCCAAACC-1,4,0
TCGGCGTACTGCACAA-1,1,1
TCGGCTAACTTCCCTT-1,4,0
TCGGCTTGTATCGACG-1,7,3
TCGGGAACGTGCCTAG-1,4,0
TCGGGAGACAGCGTAC-1,0,5
TCGGGATTCAAACATA-1,3,7
TCGGGCACTTCTGGAT-1,5,6
TCGGGCCGTCGTGGTA-1,3,7
TCGGGTGAAACTGCTA-1,4,4
TCGGTCCCGACAATAG-1,6,1
TCGGTCCCTGACTCCA-1,0,2
TCGGTGACCGCTCCGG-1,5,2
TCGGTTAGCCATGTAG-1,4,6
TCGTAAGACGACATTG-1,3,5
TCGTAAGCTCCGAGGA-1,4,0
TCGTATAGTGCAATTA-1,7,2
TCGTATTACCCATTGC-1,3,7
TCGTATTTCGTCCGGA-1,4,2
TCGTCAAGTACGCGCA-1,6,1
TCGTCACACTGTTAGC-1,7,2
TCGTCCGCTGGCGTCT-1,7,2
TCGTCTTAGGCGTTAA-1,3,3
TCGTGTACTATGGATG-1,3,7
TCGTGTATTGGTCACG-1,5,6
TCGTGTCACGCTGACA-1,0,5
TCGTGTTCGACCACAA-1,4,4
TCGTTAGGAGTCCCTA-1,1,1
TCGTTCGTTATTATGT-1,7,2
TCGTTGCTATCCGGTC-1,6,1
TCGTTGGCTCGTCAAT-1,5,2
TCTAAAGAACAGTCTC-1,6,1
TCTAACTGTATGTAAA-1,7,2
TCTAATACTGCCTCAG-1,6,1
TCTACACGTTCATGCA-1,4,0
TCTACCCAATAGAGAG-1,4,0
TCTACCGTCCACAAGC-1,0,7
TCTAGCAATCTCCGCC-1,6,1
TCTAGCATCTTCGATG-1,3,7
TCTAGCATGCCCAGAA-1,0,7
TCTAGGTGGCGACGCT-1,7,3
TCTAGTGATATCGTGG-1,7,0
TCTAGTTATCAGAAGA-1,0,5
TCTATAGGTGGGTAAT-1,0,6
TCTATCATGCAGTTAC-1,7,6
TCTATCGGTCGCAACA-1,3,7
TCTATGCTATAACGAC-1,7,2
TCTATTACGCTGGCGA-1,4,0
TCTATTACTAGAGGAT-1,3,7
TCTCATGAGATAGGGT-1,3,3
TCTCCAACGTAGGTTA-1,3,7
TCTCCACAAGTTGAAT-1,7,3
TCTCCCTGGGCAGCGT-1,3,7
TCTCGAACGAGGTCAC-1,7,2
TCTCGACGTATCGCCG-1,4,0
TCTCGAGGAGGTTCGC-1,4,0
TCTCGGCTCCAGGACT-1,5,4
TCTCTAATAGCTGGTA-1,2,4
TCTCTCGCCGCACATA-1,5,6
TCTCTTACCGCGAACC-1,1,5
TCTGAACCGGTCGGCT-1,4,0
TCTGAACTCGTACCCG-1,7,3
TCTGAAGCACGTGGTC-1,3,3
TCTGAATTCCGTACAA-1,7,4
TCTGACTGTAATGGTT-1,5,6
TCTGAGCAATTGACTG-1,4,4
TCTGATGTATTCTGTC-1,3,7
TCTGCATACCTTGCTT-1,4,0
TCTGCCAGAAACTGCA-1,3,7
TCTGCGTCCGGTTTCT-1,4,0
TCTGGGAACCTTTGAA-1,7,0
TCTGGGTAGCGCTCAT-1,0,5
TCTGTCATACAAGAGC-1,4,6
TCTGTGACTGACCGTT-1,5,6
TCTGTGCCATCATAGT-1,3,7
TCTGTGGCTACATTTC-1,0,5
TCTGTTACCCAGCATA-1,6,1
TCTTACAGAGGTACCG-1,7,3
TCTTACCGGAACTCGT-1,7,3
TCTTACGGCATCCGAC-1,7,2
TCTTACTTATGCCTCT-1,7,3
TCTTAGAGCTCCAATT-1,4,0
TCTTAGAGTGAACTCT-1,7,3
TCTTATGGGTAGTACC-1,5,6
TCTTCCCATGGGCACA-1,7,4
TCTTCGAATAGACGTT-1,0,5
TCTTCGATACCAATAA-1,0,5
TCTTCTATAACCCGCC-1,4,0
TCTTGATGCGTAGCGA-1,0,5
TCTTGCTCCCGATACT-1,0,5
TCTTGGTAACACCAAA-1,3,7
TCTTTAAGACTATGAA-1,3,3
TCTTTAGAGTCTAACA-1,5,6
TCTTTCTCTTAAGGAG-1,7,2
TGAAACCTCAACTCAC-1,4,4
TGAAACTTATGCAAGC-1,7,2
TGAAAGGACCTGACTC-1,3,7
TGAACAAGCAGGGACT-1,1,1
TGAATACCGACGCGTA-1,4,0
TGAATGAGTGTTTCCC-1,1,5
TGAATGTCAGCCGGCC-1,4,0
TGACACTTCTCTTTGC-1,4,0
TGACAGGACAAGTCCA-1,6,1
TGACATCGAGCGGACC-1,7,2
TGACATGTAACGTGAC-1,0,5
TGACCAAATCTTAAAC-1,0,5
TGACCAGCTTCAAAGT-1,4,4
TGACCCAACTCACATT-1,4,2
TGACCCACGTTAGACA-1,0,4
TGACGAATATTTCCCT-1,0,6
TGACGATGCACTAGAA-1,7,2
TGACTATAATCCTTTC-1,0,5
TGACTCCGAATCATAC-1,6,1
TGAGAATGCTTTACCG-1,3,7
TGAGAGATTTACCACG-1,3,7
TGAGATCAAATACTCA-1,4,0
TGAGATTAGGCCCTAA-1,7,2
TGAGCAGTCGTGAAGT-1,1,6
TGAGCCATACAGTCTC-1,0,0
TGAGCGGAAAGTGTTC-1,0,5
TGAGCTTTAATGACGC-1,7,3
TGAGGAGTGCCAGCTT-1,0,5
TGAGGCATGTACTGTG-1,6,1
TGAGGTTGATCCCAAG-1,5,2
TGAGTAAATTAGCGTA-1,1,5
TGAGTGCCTCTTAAAT-1,6,1
TGAGTGGTCCGTGACG-1,3,0
TGAGTGTAACAACGGG-1,5,6
TGAGTTAAAGACATTC-1,4,4
TGATACATTTAGCCGT-1,6,1
TGATAGCGGGATTCTA-1,7,2
TGATCAGGGAACTGCT-1,0,5
TGATCCCAGCATTAGT-1,4,0
TGATCGGTTTGACCCT-1,0,5
TGATCTACGCTGATCT-1,4,6
TGATCTCCGGCGCCAG-1,0,5
TGATGGCTGTTTCTGA-1,4,0
TGATGGGACTAAGTCA-1,0,6
TGATGTCAATTAAGTG-1,4,0
TGATTATGGCACGCAG-1,5,6
TGATTCAGGTCCCGCG-1,1,6
TGATTCCCGGTTACCT-1,1,7
TGATTCGTCTATCACT-1,3,5
TGATTCTGTCGCCGGT-1,1,6
TGATTTATTAGCTGTG-1,0,5
TGATTTCCTCCTGACG-1,4,0
TGCAACCCATCTGCGG-1,7,3
TGCAAGAATGACGTAA-1,0,5
TGCAATCTAACACGGT-1,7,3
TGCAATTTGGGCACGG-1,4,0
TGCACAGTGAAGTTAT-1,5,4
TGCACGAGTCGGCAGC-1,4,2
TGCACTATGTGAGTGC-1,5,6
TGCAGAACTATATCGT-1,0,5
TGCAGAGTACCGAGCA-1,0,7
TGCAGATCGTCCTAGG-1,0,5
TGCAGCTACGTACTTC-1,0,5
TGCAGGATCGGCAAAG-1,3,7
TGCAGTGGTAGGGAAC-1,6,1
TGCAGTTTCCTCCCAT-1,3,7
TGCATATGTCTGTCAC-1,3,7
TGCATGGATCGGATCT-1,3,7
TGCATGTGACCCATAG-1,1,1
TGCATGTGGTAATCTA-1,3,7
TGCCAAAGTCAGACTT-1,0,5
TGCCAATGGGTACTCT-1,1,1
TGCCACCTGGCGAAAC-1,3,7
TGCCAGTACGTGGAGA-1,0,5
TGCCATGGCTTATAAG-1,4,4
TGCCATTACTAAAGAA-1,3,7
TGCCCGTACCGTTAAA-1,0,5
TGCCGGATGTACGAGC-1,6,1
TGCCGTGGATCGTCCT-1,0,5
TGCCTAATTGAAGATT-1,4,0
TGCCTGACATCGGTCA-1,4,0
TGCCTGATCAAACGAT-1,7,2
TGCCTTGGCCAGGCAA-1,3,7
TGCGAATATGGGATTT-1,0,3
TGCGACACCCTAGTGC-1,1,1
TGCGACGGCCGAACGT-1,6,1
TGCGAGAATATTACCC-1,6,1
TGCGAGCCCTTCCGCG-1,4,0
TGCGCAAAGCATTTGG-1,0,5
TGCGCGATTAACGGAG-1,3,7
TGCGGACTTGACTCCG-1,3,5
TGCGGAGTAAAGGTGC-1,3,7
TGCGGCATAGTTCAAC-1,4,2
TGCGGGTATTGGGATC-1,4,0
TGCGGTCTACGAGTAA-1,4,0
TGCGGTGAAATTTCAT-1,7,7
TGCGTAAGAACCTGAT-1,1,1
TGCGTCATGACTGAGC-1,6,1
TGCGTGATTGGGTGTC-1,5,6
TGCGTTTGTTGACACT-1,0,5
TGCTAAGTGTCTATTT-1,7,3
TGCTATACAAACGGAC-1,4,4
TGCTCCACAGTTCTTA-1,7,3
TGCTCGGCGAAACCCA-1,1,5
TGCTCGGTGGGTCACC-1,3,7
TGCTCTTGAGAGTTTG-1,3,6
TGCTGGTTGGACAATT-1,7,2
TGCTGTTGAAGAACTC-1,1,6
TGCTTAGAGAGAATGC-1,6,1
TGCTTCCCAAGCAGTA-1,4,2
TGGAAACGGAGTGAAC-1,5,6
TGGAACCACTGACACA-1,4,0
TGGAAGAAGGGAACGT-1,0,5
TGGAAGACGAACACCA-1,4,0
TGGAAGGATAAAGATG-1,3,2
TGGAATATCCTTGACC-1,4,0
TGGAATTAGACGCTTT-1,5,7
TGGACCAATCTAAGAT-1,3,2
TGGACGCAATCCAGCC-1,6,1
TGGACTGTTCGCTCAA-1,0,5
TGGAGAATAATCGTCC-1,1,1
TGGAGCTAAAGTTCCC-1,4,0
TGGAGTGATGCGATGA-1,3,7
TGGCAAACTAAATTAC-1,3,7
TGGCAACTCGCGCGCC-1,3,3
TGGCAAGCACAAGTCG-1,0,5
TGGCAATGGGACGGCG-1,4,4
TGGCACGAGCTCGAGT-1,4,0
TGGCAGATTACGATCA-1,0,5
TGGCAGCAGTAATAGT-1,0,2
TGGCATGAAGTTTGGG-1,6,1
TGGCCAAACTGAAGTA-1,3,5
TGGCCAATTTGGTACT-1,1,5
TGGCCGTATATTGACC-1,5,6
TGGCGACTGCTCCAAA-1,6,1
TGGCGATCAAGTTATG-1,1,1
TGGCGGTGTGCGATTG-1,1,5
TGGCTACACTCTACCT-1,4,2
TGGCTATGTGACATAC-1,7,3
TGGCTCTTGTCGCGTA-1,0,5
TGGCTTTGGGTAGACA-1,3,7
TGGGAAATGCCTTTCC-1,7,2
TGGGATGCACTCATTC-1,4,0
TGGGCAATAGTTGGGT-1,4,0
TGGGCACAAACAGAAC-1,4,4
TGGGCACGTTCTATGG-1,7,3
TGGGCAGGCCACCGCA-1,5,7
TGGGCCACAAGAGCGC-1,3,7
TGGGCCCATACTAATT-1,3,3
TGGGCCTTGCCTGCAT-1,4,6
TGGGCGATACAATAAG-1,1,1
TGGGTAAGGTTCCCGC-1,7,3
TGGTAAGCAGGATTGA-1,0,2
TGGTAGAATATATGGG-1,7,3
TGGTATCGCATCCCAA-1,7,3
TGGTATCGGTCTGTAT-1,7,2
TGGTCCCACGCTACGG-1,0,7
TGGTCTGTTGGGCGTA-1,0,5
TGGTGATCGTATTTGT-1,5,6
TGGTTAACTTACATTT-1,6,1
TGGTTCAACGGGTAAT-1,3,2
TGGTTCGTAGCAAAGG-1,0,7
TGGTTGGAGGATCCTG-1,7,3
TGGTTTAAACGTGGGT-1,4,0
TGTAACTTGTCAACCT-1,5,7
TGTAATGACCACAATA-1,3,7
TGTACCCGACCCTAAT-1,6,1
TGTACCTACACGAGGG-1,4,4
TGTACGAACAAATCCG-1,0,2
TGTACGCTATCAGCTT-1,4,0
TGTACTGTGCCAAAGT-1,5,2
TGTAGCCATCCCATTC-1,0,2
TGTAGGAGAAATTTCC-1,3,6
TGTAGTGATCTATAAT-1,0,5
TGTATAACAGATCCTG-1,3,7
TGTATCCTTATTCCAT-1,4,0
TGTATGGCGCAGACAG-1,7,7
TGTATTTACCTAATGC-1,4,3
TGTCATTTGTTGGGAA-1,4,0
TGTCCACGGCTCAACT-1,4,6
TGTCCCGACATAGCAC-1,7,2
TGTCCGTGGCGCCTTT-1,0,5
TGTCCTAAGTCACCGC-1,0,7
TGTCGGCATGGTGGAA-1,5,6
TGTCGTTATCACATAT-1,6,1
TGTCTACAGTTTCTGT-1,4,0
TGTGACTACGCCAGTC-1,3,7
TGTGAGACTAGCCCAA-1,0,5
TGTGATTCCAGCGCTT-1,4,4
TGTGCCGGTGCCGGAA-1,7,3
TGTGCTTTACGTAAGA-1,3,7
TGTGGAGGAAGCTTAA-1,5,6
TGTGGCAAAGCGTATG-1,3,7
TGTGGCGGGCTTCTGG-1,0,5
TGTGGCTCCCACCAAC-1,4,0
TGTGGTTGCTAAAGCT-1,1,6
TGTGTCGCGAGTTGCA-1,7,3
TGTGTTCGTATCCAAG-1,3,7
TGTTATTGTATGTGGC-1,3,7
TGTTCCGCTTCCATGA-1,0,5
TGTTCCGGCCTGAGCT-1,0,5
TGTTCGTATTGCGGTG-1,0,5
TGTTCTTCCATTGACT-1,0,5
TGTTGTCAAGAAGTCT-1,7,2
TGTTTAATACTTCATC-1,7,3
TGTTTCGGTACTTCTC-1,3,7
TGTTTCTGAAGCGTGC-1,6,1
TGTTTGAGATCGTCAG-1,4,0
TTAAACAGAGTCCCGC-1,5,6
TTAAACCGGTAGCGAC-1,4,6
TTAAACCTGGTTCCTT-1,7,4
TTAAACTCGAATTCAT-1,7,3
TTAACACCTCGAACAT-1,5,2
TTAACCAACCCTCCCT-1,3,7
TTAACGTCGCAAGACC-1,4,6
TTAACTCACGCGTGGA-1,7,3
TTAACTTCAGGTAGGA-1,1,1
TTAAGACGAACGAACC-1,4,0
TTAAGATAGGATTGAC-1,7,3
TTAAGCCGACAACTTC-1,7,2
TTAAGCGCCTGACCCA-1,0,5
TTAAGGATACGGAGGT-1,5,4
TTAAGGCCCGTACTTT-1,6,1
TTAAGTATTGTTATCC-1,7,2
TTAATCAGTACGTCAG-1,3,3
TTAATGCGAGGTAACT-1,7,2
TTAATGTAGACCAGGT-1,0,5
TTAATTGCTTTGGGTG-1,3,7
TTAATTTCAGACGCGG-1,3,7
TTACAACTACGCATCC-1,3,2
TTACACGATCTGCGAC-1,4,4
TTACAGACCTAAATGA-1,7,2
TTACATCGTGGCCTGG-1,4,4
TTACATGCCACAACTA-1,7,0
TTACCATTGATTACCC-1,3,7
TTACCCATTGCCGGGT-1,7,2
TTACCCTAACAGTCCT-1,7,0
TTACCCTAGGGATTGG-1,0,5
TTACCGCCTTAGGGAA-1,5,6
TTACGGATGGTTCGAG-1,7,0
TTACGGTGTCACCGAG-1,5,6
TTACGTAGCGCGTGCT-1,5,6
TTACTAAAGGACTTTA-1,7,6
TTACTATCGGCTTCTC-1,3,2
TTACTCCGGCCGGGAA-1,3,7
TTACTCTGGTACGTAC-1,0,7
TTACTGGGATATTTCA-1,1,5
TTACTGTTTCTCTACG-1,4,4
TTAGAAGAACATGACT-1,3,3
TTAGAATAAGGGTCGG-1,6,1
TTAGACACGATCGTTG-1,7,3
TTAGACGAGTCACCTC-1,0,5
TTAGAGTTTAGAAGGA-1,3,7
TTAGATAGGTCGATAC-1,5,6
TTAGCAACATGGATGT-1,4,0
TTAGCTAATACGATCT-1,7,2
TTAGCTCTGTAATCCG-1,7,3
TTAGCTGATTTGCCGT-1,7,3
TTAGGTCATAACCGAC-1,1,1
TTAGTAAACCTGCTCT-1,7,2
TTAGTAGGGCGGCGGG-1,0,5
TTAGTTATTCGTGGCA-1,7,3
TTAGTTCAAGTGTTCG-1,4,6
TTATAGATGCACATTA-1,4,2
TTATAGGTAATTGTCT-1,0,5
TTATATACGCTGTCAC-1,0,5
TTATATTTGGCAATCC-1,1,5
TTATCCAATCGAACTC-1,4,0
TTATCCGGGATCTATA-1,7,3
TTATCCTCAAGGAATA-1,6,1
TTATCGCCTGCGAAGC-1,0,6
TTATCTGACATTAGGA-1,0,6
TTATCTGTATCATAAC-1,3,7
TTATGAATGAAAGGGA-1,1,3
TTATGACAAACTGGAT-1,3,6
TTATGATCTTAACGAA-1,3,7
TTATGCGTCCCGGTCC-1,5,0
TTATGTTTGCGATAGA-1,7,0
TTATTAGAGCGTGTTC-1,0,7
TTATTAGGGAAGCATC-1,7,2
TTATTTCATCCCAAAC-1,7,5
TTCAAAGTCTCTAGCC-1,0,3
TTCAACGACCCGACCG-1,3,3
TTCAAGCCGAGCTGAG-1,7,2
TTCAATACTCTGAATC-1,3,7
TTCAATTAGCCATAAT-1,4,0
TTCACGAAAGGATCAC-1,0,5
TTCACTCGAGCACCTA-1,0,5
TTCACTTCCTAGAACG-1,0,6
TTCAGAGTAACCTGAC-1,5,6
TTCAGCCCTGGTCCAC-1,3,6
TTCAGCTGGCGTGCCC-1,7,3
TTCAGGCGTCAAAGCC-1,5,6
TTCAGTTCAAGAGGAG-1,6,1
TTCATAGCCTTGTAAC-1,5,6
TTCATGGCGCAACAGG-1,3,2
TTCCAATCAGAGCTAG-1,7,0
TTCCAATCTGGCTATC-1,1,6
TTCCACACAGATTTGA-1,6,1
TTCCACATTTCTCGTC-1,4,0
TTCCAGACGAGATTTA-1,4,0
TTCCATCATGCGGTGA-1,4,0
TTCCATCGACAGCGTG-1,4,0
TTCCCGACGCTTCACT-1,4,0
TTCCCGGCGCCAATAG-1,1,1
TTCCGCAGAGAAATAT-1,4,4
TTCCGCGTGAGGCGAT-1,5,6
TTCCGGCCTTGAGGCT-1,6,1
TTCCGGCTCGACTTCT-1,5,6
TTCCGGTATCTGTGTC-1,4,0
TTCCGGTTACCCACTT-1,3,3
TTCCTCGAGGGTGTCT-1,7,7
TTCCTCGGACTAACCA-1,3,3
TTCCTCTGCCCGAATA-1,3,7
TTCCTTTCTGTGTTGC-1,5,1
TTCGACAGAGCCCGTG-1,0,5
TTCGACGGGAAGGGCG-1,7,6
TTCGCACTCGCGTGCT-1,3,7
TTCGCACTGTACGACA-1,0,5
TTCGCATCCGGAAGCA-1,5,6
TTCGCCGCTCGCGCTA-1,6,1
TTCGCGCGCCATACGA-1,1,1
TTCGCTAGGAAGTTGT-1,4,0
TTCGCTATCTGACGTG-1,4,0
TTCGGACTGATGCCTT-1,4,0
TTCGGACTGGGCATGG-1,6,1
TTCGGCAACCCGCTGA-1,7,6
TTCGGCTAGAGATGGT-1,7,3
TTCGGGACTAATCGCG-1,0,5
TTCGGGCGCTAGTCTT-1,1,1
TTCGGTACTGTAGAGG-1,0,5
TTCGTAATCCCAGCGG-1,4,2
TTCGTACTCCAGAACG-1,3,7
TTCGTTCAACGAAGTT-1,4,0
TTCTAACCGAAGCTTA-1,3,7
TTCTACCTCAATCGGT-1,6,1
TTCTACCTTTATGTTG-1,4,0
TTCTACTTGCGAGGGC-1,7,3
TTCTAGAAAGTCTTAT-1,6,1
TTCTAGGCCAATTGTG-1,3,2
TTCTATTAAACGCAGC-1,0,5
TTCTCTTACAGGTGAT-1,6,1
TTCTGACCGGGCTCAA-1,3,7
TTCTGCCGCGCCTAGA-1,0,5
TTCTGCGAGCGCCCTT-1,7,2
TTCTGCGGGTTAGCGG-1,3,7
TTCTGCTAGACTCCAA-1,2,4
TTCTTAGTGAACGGTG-1,4,0
TTCTTAGTGGCTCAGA-1,3,2
TTCTTATCCGCTGGGT-1,7,3
TTCTTCCCTTTGATAT-1,4,0
TTCTTCGCAATAGAGC-1,4,0
TTCTTGAGCCGCGCTA-1,6,1
TTCTTGCTAGCATCTC-1,4,0
TTCTTGGACGATCTGC-1,6,1
TTCTTGGAGTAATGAG-1,3,3
TTCTTGTAACCTAATG-1,7,3
TTCTTTGGTCGCGACG-1,7,2
TTGAAAGGTGTAAAGG-1,4,0
TTGAACGAATCCTTTG-1,5,0
TTGAACGACGTGCTGA-1,7,3
TTGAAGAATTCCCAGG-1,4,3
TTGAAGGATGGGCGCC-1,6,1
TTGAATATGGACTTTC-1,0,5
TTGAATCGTTGTATAA-1,0,5
TTGAATTCACGTGAGG-1,7,2
TTGACAGGAGCTCCCG-1,7,3
TTGACATGAACGTGGA-1,1,1
TTGACCAGGAACAACT-1,3,2
TTGACCATGTTCTCCG-1,7,3
TTGACCGTGTTAATGA-1,6,1
TTGACGATTCAGCACG-1,4,4
TTGACGCTCCATGAGC-1,7,3
TTGACTACCATATGGT-1,6,1
TTGACTATTGTCCGGC-1,7,3
TTGAGAAGTTTAGCAT-1,7,2
TTGAGAGTACTGCTAA-1,1,1
TTGAGCAGCCCACGGT-1,4,6
TTGAGCGCCACGTGAT-1,3,3
TTGAGGCATTTAACTC-1,4,0
TTGATCTAACTTTGTC-1,3,2
TTGATGTGTAGTCCCG-1,7,3
TTGATTAGCTGTTTCT-1,6,1
TTGATTATGCAGATGA-1,0,5
TTGCAAGAAGACTCCT-1,0,2
TTGCACAATTCAGAAA-1,4,6
TTGCACGGAGCAGCAC-1,7,2
TTGCATGCTGATCACG-1,0,5
TTGCCAAGCAGAACCC-1,4,0
TTGCCATAGCCCGCTC-1,6,1
TTGCCCTGATCACGGG-1,0,5
TTGCCGCAGACCTACA-1,6,1
TTGCCGCTTTCTAGTA-1,3,4
TTGCCGGTGATCCCTC-1,4,2
TTGCCTAATCCAAAGT-1,6,1
TTGCGGCATCAGAAAG-1,6,1
TTGCGGCGACTCATGC-1,4,0
TTGCGTAGTTTGAGGA-1,7,2
TTGCGTCGGCCAACCG-1,6,1
TTGCGTGAACGCTTAG-1,4,0
TTGCTAGCTACCAATC-1,5,6
TTGCTCATAGTACGTG-1,0,5
TTGCTCCCATACCGGA-1,3,7
TTGCTGAAGGAACCAC-1,3,7
TTGCTGATCATGTTCG-1,0,5
TTGCTGCACCTATCCA-1,4,3
TTGCTGGCCGGGCTTC-1,3,2
TTGGAAGAATACAGTC-1,6,1
TTGGACATGTGGCTTA-1,0,5
TTGGACCATCTGGCAA-1,4,2
TTGGACCTATAACAGT-1,7,3
TTGGAGTCTCCCTTCT-1,4,0
TTGGATATCGTCTACG-1,1,1
TTGGATCGACTTCTGG-1,4,0
TTGGATTGGGTACCAC-1,7,3
TTGGCCATCTTGCGCT-1,4,0
TTGGCCTAGAATTTCG-1,7,3
TTGGCTCAATATGTGT-1,3,2
TTGGCTCGCATGAGAC-1,7,2
TTGGGAAGACGAGCCG-1,0,5
TTGGGACACTGCCCGC-1,0,5
TTGGGACGTAAGAGTT-1,4,3
TTGGGCGGCGGTTGCC-1,0,3
TTGGTCACACTCGTAA-1,1,6
TTGGTTGCGGTGCGCG-1,6,1
TTGTAAGGACCTAAGT-1,5,7
TTGTAAGGCCAGTTGG-1,3,3
TTGTAATCCGTACTCG-1,0,5
TTGTATCACACAGAAT-1,7,2
TTGTCGTTCAGTTACC-1,3,7
TTGTGAACCTAATCCG-1,7,4
TTGTGAGGCATGACGC-1,0,5
TTGTGCAGCCACGTCA-1,3,4
TTGTGGCCCTGACAGT-1,3,7
TTGTGGTAGGAGGGAT-1,6,1
TTGTGGTGGTACTAAG-1,4,4
TTGTGTATGCCACCAA-1,0,5
TTGTGTTTCCCGAAAG-1,1,4
TTGTTAGCAAATTCGA-1,7,2
TTGTTCAGTGTGCTAC-1,3,7
TTGTTGTGTGTCAAGA-1,3,7
TTGTTTCACATCCAGG-1,6,1
TTGTTTCATTAGTCTA-1,6,1
TTGTTTCCATACAACT-1,1,1
TTGTTTGTATTACACG-1,6,1
TTGTTTGTGTAAATTC-1,4,0
