barcode,HMRF_km_Delaunay_k7_b.3,HMRF_km_Delaunay_k7_b.9
AAACAAGTATCTCCCA-1,1,5
AAACAATCTACTAGCA-1,2,5
AAACACCAATAACTGC-1,7,7
AAACAGAGCGACTCCT-1,1,5
AAACAGCTTTCAGAAG-1,2,2
AAACAGGGTCTATATT-1,2,3
AAACAGTGTTCCTGGG-1,6,3
AAACATTTCCCGGATT-1,1,5
AAACCCGAACGAAATC-1,3,6
AAACCGGGTAGGTACC-1,2,2
AAACCGTTCGTCCAGG-1,7,7
AAACCTAAGCAGCCGG-1,2,2
AAACCTCATGAAGTTG-1,2,2
AAACGAAGAACATACC-1,1,5
AAACGAGACGGTTGAT-1,5,4
AAACGGGCGTACGGGT-1,5,4
AAACGGTTGCGAACTG-1,2,2
AAACTCGGTTCGCAAT-1,2,2
AAACTCGTGATATAAG-1,1,5
AAACTGCTGGCTCCAA-1,2,2
AAACTTAATTGCACGC-1,7,7
AAACTTGCAAACGTAT-1,2,2
AAAGACATGAAGTTTA-1,1,5
AAAGACCCAAGTCGCG-1,1,5
AAAGACTGGGCGCTTT-1,1,5
AAAGGCCCTATAATAC-1,7,7
AAAGGCTACGGACCAT-1,2,2
AAAGGCTCTCGCGCCG-1,2,2
AAAGGGATGTAGCAAG-1,1,5
AAAGGGCAGCTTGAAT-1,1,5
AAAGGTAAGCTGTACC-1,1,5
AAAGTAGCATTGCTCA-1,7,7
AAAGTCACTGATGTAA-1,1,5
AAAGTCGACCCTCAGT-1,2,4
AAAGTGTGATTTATCT-1,1,5
AAAGTTGACTCCCGTA-1,3,6
AAATAACCATACGGGA-1,1,5
AAATAAGGTAGTGCCC-1,3,6
AAATACCTATAAGCAT-1,5,4
AAATAGCTTAGACTTT-1,1,5
AAATAGGGTGCTATTG-1,5,4
AAATCCGATACACGCC-1,5,4
AAATCGTGTACCACAA-1,6,3
AAATCTAGCCCTGCTA-1,1,5
AAATGATTCGATCAGC-1,1,5
AAATGCTCGTTACGTT-1,1,5
AAATGGCATGTCTTGT-1,1,5
AAATGGCCCGTGCCCT-1,6,3
AAATGGTCAATGTGCC-1,2,2
AAATGTGGGTGCTCCT-1,4,1
AAATTAACGGGTAGCT-1,2,2
AAATTACACGACTCTG-1,1,5
AAATTACCTATCGATG-1,1,5
AAATTGATAGTCCTTT-1,7,7
AAATTGCGGCGGTTCT-1,2,2
AAATTTACCGAAATCC-1,1,5
AAATTTGCGGGTGTGG-1,6,3
AACAACTGGTAGTTGC-1,2,2
AACAATACATTGTCGA-1,7,7
AACAATTACTCTACGC-1,2,2
AACACACGCTCGCCGC-1,5,4
AACACGACTGTACTGA-1,1,5
AACACGAGACGCGGCC-1,6,3
AACACGCGGCCGCGAA-1,2,2
AACAGCTGTGTGGCAA-1,7,7
AACAGGAAATCGAATA-1,1,5
AACAGGATGGGCCGCG-1,2,2
AACAGGTAGTATGGAT-1,1,5
AACATATCAACTGGTG-1,1,5
AACATCGATACGTCTA-1,3,5
AACATTGAAGTTGATC-1,7,7
AACATTGGTCAGCCGT-1,2,2
AACATTGTGACTCGAG-1,6,3
AACCAAGACTTCTCTG-1,2,2
AACCAGTATCACTCTT-1,1,5
AACCATAGGGTTGAAC-1,7,7
AACCATGGGATCGCTA-1,1,5
AACCCAGAGACGGAGA-1,1,5
AACCCATCCCATGATC-1,7,7
AACCCGACAACCCGTG-1,7,3
AACCCGAGCAGAATCG-1,1,5
AACCCTACTGTCAATA-1,3,6
AACCCTGGTGGAACCA-1,1,5
AACCGAGCTTGGTCAT-1,3,6
AACCGCTAAGGGATGC-1,1,4
AACCGTTGTGTTTGCT-1,1,5
AACCTAAAGCCGTCCG-1,4,1
AACCTCGCTTTAGCCC-1,5,4
AACCTTTAAATACGGT-1,2,2
AACCTTTACGACGTCT-1,1,5
AACGAAAGTCGTCCCA-1,7,7
AACGATAATGCCGTAG-1,2,2
AACGATAGAAGGGCCG-1,1,5
AACGATATGTCAACTG-1,1,5
AACGCATGATCTGGGT-1,1,5
AACGCGACCTTGGGCG-1,6,3
AACGCGGTCTCCAGCC-1,3,6
AACGCTGTTGCTGAAA-1,3,4
AACGGACGTACGTATA-1,5,4
AACGGCCATCTCCGGT-1,7,3
AACGTACTGTGGGTAC-1,7,7
AACGTAGTCTACCCAT-1,2,5
AACGTCAGACTAGTGG-1,5,4
AACGTGATGAAGGACA-1,1,5
AACGTGCGAAAGTCTC-1,5,4
AACTACCCGTTTGTCA-1,3,6
AACTAGCGTATCGCAC-1,1,5
AACTAGGCTTGGGTGT-1,2,2
AACTCAAGTTAATTGC-1,2,2
AACTCCAGAGCGTGTT-1,5,4
AACTCCTAATCCCATG-1,1,5
AACTCGATAAACACGT-1,2,2
AACTCGATGGCGCAGT-1,1,5
AACTCTCAATAGAGCG-1,5,4
AACTCTCAGTGTGCTC-1,7,7
AACTGATATTAGGCCT-1,1,5
AACTGGGTCCCGACGT-1,1,5
AACTGGGTTCGAGCCG-1,1,5
AACTGGTGTGGGCCTT-1,1,5
AACTTCTGCGTCTATC-1,1,5
AACTTGCCCGTATGCA-1,2,2
AACTTGCGTTCTCGCG-1,1,5
AACTTTAGCTGCTGAG-1,1,5
AAGAAGGATCAGTTAG-1,1,5
AAGACATACGTGGTTT-1,2,4
AAGACCAAATAACTCA-1,7,7
AAGACCCAACTGAACA-1,2,2
AAGACTAACCCGTTGT-1,2,2
AAGACTCACGCCCACT-1,1,5
AAGACTGCAAGCTACT-1,2,2
AAGAGATGAATCGGTA-1,2,2
AAGAGCTCTTTATCGG-1,5,4
AAGAGGATGTACGCGA-1,2,2
AAGAGGCATGGATCGC-1,5,4
AAGAGGCCCTTTGGAA-1,1,5
AAGATGGCACCGGACC-1,7,7
AAGATTGGCGGAACGT-1,1,5
AAGCACCCTGCGTATC-1,2,2
AAGCATACTCTCCTGA-1,2,2
AAGCCGAAGCGGTTTA-1,1,5
AAGCCGCCGTGAAATC-1,7,7
AAGCGCAGGGCTTTGA-1,2,2
AAGCGGCGTCATGGGT-1,1,5
AAGCGTCCCTCATCGA-1,7,7
AAGCTAGATCGAGTAA-1,2,4
AAGCTCGTGCCAAGTC-1,5,2
AAGCTCTTTCATGGTG-1,5,4
AAGGAGAACTTATAAG-1,1,5
AAGGAGCGGTTGGTGC-1,2,2
AAGGATCGATCGCTTG-1,1,5
AAGGATGAGGGACCTC-1,5,4
AAGGCAGGCTGTCTCC-1,1,5
AAGGCGCGTAAAGCTT-1,1,4
AAGGCTGTGCTCATCG-1,2,2
AAGGGAACGACTGGCT-1,7,7
AAGGGACAGATTCTGT-1,1,5
AAGGGACTATGCATTC-1,7,7
AAGGTATCCTAATATA-1,5,5
AAGGTGATAAACCAGC-1,1,5
AAGTAAGCTTCCAAAC-1,2,5
AAGTAGAAGACCGGGT-1,5,4
AAGTAGTGACGCGAGG-1,2,2
AAGTCAATTGTCGTCA-1,3,6
AAGTGACGACCGAATT-1,2,2
AAGTGAGTCGGGTTTA-1,6,3
AAGTGCAAAGGTAGAC-1,1,5
AAGTGCCTTGACTGTA-1,3,6
AAGTGCGTTAGAATCT-1,6,3
AAGTGCTTCTCTATTG-1,6,3
AAGTGTTTGGAGACGG-1,5,4
AAGTTCACTCCAAGCT-1,5,4
AAGTTCAGTCTGCGTA-1,1,5
AAGTTCGGCCAACAGG-1,6,3
AAGTTGTGATGTTATA-1,2,2
AAGTTTACTAATGGCA-1,1,5
AAGTTTATGGGCCCAA-1,2,2
AATAACAACGCTCGGC-1,2,2
AATAACACTAGAACAA-1,7,7
AATAAGTCCTCGAGAC-1,1,5
AATACAATGTTTCAGG-1,6,3
AATACCGGAGGGCTGT-1,7,7
AATACCTGATGTGAAC-1,2,2
AATAGAACAGAGTGGC-1,7,7
AATAGAATCTGTTTCA-1,5,4
AATAGCTACCGCGTGC-1,1,5
AATAGTCCGTCCCGAC-1,2,2
AATATCAAGGTCGGAT-1,1,5
AATATCGAATCAATGC-1,1,5
AATATCGAGGGTTCTC-1,1,5
AATATTGGAGTATTGA-1,2,2
AATCAGACTGCAGGAC-1,2,2
AATCATGTAAAGACTC-1,1,5
AATCCAAGGGCCTGAG-1,1,5
AATCCATGCAAGGGTG-1,2,5
AATCGCCTCAGCGCCA-1,5,4
AATCGCGCAGAGGACT-1,1,5
AATCGGGACACTACGA-1,1,5
AATCGGTATAGCCCTC-1,2,2
AATCGTGAGCCGAGCA-1,2,2
AATCTAGGTTTACTTG-1,6,3
AATCTATGCCGGAGCC-1,1,5
AATCTCTACTGTGGTT-1,2,2
AATCTGCGTTGGGACG-1,5,4
AATCTGGCTTTCTAGT-1,7,7
AATCTGGGTAGACCCT-1,1,5
AATGACAGCAATGTCT-1,6,3
AATGACGTAGGATGTC-1,5,4
AATGACTGTCAGCCGG-1,5,4
AATGAGTTCGCATATG-1,1,5
AATGATGATACGCTAT-1,1,5
AATGATGCGACTCCTG-1,1,5
AATGCAACCGGGTACC-1,5,5
AATGCACCAAGCAATG-1,1,5
AATGGTCCACCGTTCA-1,2,2
AATGGTTCTCACAAGC-1,1,5
AATGTATGGCACTGTA-1,7,7
AATGTGCCCGAGGTGT-1,7,7
AATGTGCTAATCTGAG-1,7,7
AATTAAAGGTCGGCGT-1,6,3
AATTAACGGATTTCCA-1,2,2
AATTACGAGACCCATC-1,6,3
AATTACTCGTACGCTC-1,2,2
AATTAGCGCTGCAGCG-1,2,2
AATTCATAAGGGATCT-1,1,5
AATTCATTGTCATGCA-1,7,7
AATTCCAAGCATGTAC-1,2,2
AATTCGATTCGAGGAT-1,2,2
AATTCTAGAGTTAGGC-1,2,2
AATTGAACGCTCTGGT-1,5,4
AATTGCAGCAATCGAC-1,1,5
AATTGCGTGGATTACA-1,7,7
AATTTGGGACATAGTA-1,1,5
AATTTGGTTCCAAAGA-1,1,5
ACAAACCATGCGTCCT-1,7,7
ACAAACCGACAAGGCG-1,4,1
ACAAAGCATGACCTAG-1,1,5
ACAAATCGCACCGAAT-1,5,4
ACAAATGGTAGTGTTT-1,5,4
ACAAATTCAGATCTGA-1,1,5
ACAACAGCATGAGCTA-1,5,2
ACAACGGTCCCTGCGA-1,1,5
ACAAGCAGTGCCTAGC-1,2,2
ACAAGGAAATCCGCCC-1,2,2
ACAAGGACAAGAGGTT-1,2,2
ACAAGGATGCTTTAGG-1,5,4
ACAAGGGCAGGCTCTG-1,5,4
ACAATAGTCGTACGTT-1,2,2
ACAATCCATTTAAACC-1,2,2
ACAATCGATCTTTATA-1,4,1
ACAATGAATACGGAGA-1,7,7
ACAATTGTGTCTCTTT-1,1,5
ACAATTTGAGCAGTGG-1,5,5
ACACAAAGACGGGTGG-1,5,4
ACACACCAGGACCAGT-1,5,4
ACACACTTTCTACACG-1,1,5
ACACATGATCAAATCT-1,7,7
ACACATTGACGCAACA-1,2,2
ACACCCAGCATGCAGC-1,5,4
ACACCCGAGAAATCCG-1,1,5
ACACCGGTCTGACCGC-1,7,7
ACACCTTAAGTAGGGC-1,5,4
ACACCTTACTACTTGC-1,1,5
ACACGAGACTCCTTCT-1,5,2
ACACGGCACTATGCAT-1,1,5
ACACGGGAACTTAGGG-1,1,5
ACACGTAGGCCACAAG-1,1,5
ACACTCCAATGTCACT-1,1,5
ACACTGATCAAGGTGT-1,7,7
ACACTGGGACAGTCGT-1,2,5
ACAGAACTGAGAACAA-1,7,7
ACAGATTAGGTTAGTG-1,1,5
ACAGCATAGAGCCAGT-1,1,5
ACAGCGACATTCTCAT-1,1,5
ACAGCGCACCCGCAGC-1,1,5
ACAGGCTTGCCCGACT-1,5,4
ACAGGTGGAGGTGAGG-1,7,7
ACAGTAATACAACTTG-1,2,2
ACATAAGTCGTGGTGA-1,7,7
ACATAATAAGGCGGTG-1,1,5
ACATCAGCTGGGACGC-1,2,5
ACATCCCGGCCATACG-1,2,2
ACATCCTGGTAACTGT-1,3,6
ACATCGATCGTTTACC-1,2,2
ACATCGGTCAGCCGCG-1,2,2
ACATCGTATGCAATGG-1,5,4
ACATCGTTAACCTAGT-1,1,5
ACATCTCAACGCGTAA-1,1,5
ACATGGCGCCAAAGTA-1,1,5
ACATGGCTCAATTTAG-1,2,2
ACATTAGTTTATATCC-1,2,2
ACCAAACTAGAAATCC-1,4,1
ACCAACACCACACACT-1,1,5
ACCAACCGCACTCCAC-1,1,5
ACCAACGCTTATTTAT-1,7,7
ACCAAGAACGCGTGTC-1,1,5
ACCAATATGCAAGTTA-1,5,2
ACCACAACTCAGAACA-1,1,5
ACCACAAGTTTCTATC-1,2,2
ACCACCAATGTAACAA-1,1,5
ACCACGTGCAGCTATA-1,2,2
ACCACTGTTCAAGAAG-1,2,2
ACCAGCCCGGTCTTTG-1,1,5
ACCAGGAGTGTGATCT-1,1,5
ACCAGTGCCCGGTCAA-1,1,5
ACCAGTGCGGGAGACG-1,1,5
ACCATATCCGCAATAA-1,6,3
ACCATCCGCCAACTAG-1,2,2
ACCATCGTATATGGTA-1,6,3
ACCCAACGCCCGTGGC-1,5,4
ACCCACCTACATGCTC-1,1,5
ACCCATCTTGAGGGTA-1,2,2
ACCCATTTGTCCCTCT-1,1,5
ACCCGAGCGAAATTAC-1,7,7
ACCCGGAAACTCCCAG-1,2,2
ACCCGGATGACGCATC-1,3,6
ACCCGGTTACACTTCC-1,6,3
ACCCGTGTCATCAGTA-1,2,2
ACCCTATAGGACTGAG-1,2,2
ACCCTATGCCATATCG-1,7,7
ACCCTCCCTTGCTATT-1,5,4
ACCCTTCATCTGCGAA-1,1,5
ACCCTTTAGTTCTCCA-1,1,5
ACCGAAAGGGCCCTGC-1,1,5
ACCGAAGAGTCTGGTT-1,7,7
ACCGACACATCTCCCA-1,2,2
ACCGACTGAGTCCCAC-1,3,6
ACCGATGGTAGCATCG-1,5,4
ACCGCAATAACTGCCT-1,5,4
ACCGCGGTGGAAGTCG-1,1,5
ACCGGGCCTTTGTTGA-1,1,5
ACCGGTCAGGTACACC-1,7,7
ACCGGTCTGAGTACGG-1,1,5
ACCGTCCACTGGGCCC-1,7,7
ACCGTGACCACGTGGG-1,7,7
ACCGTTCCCGCTCTGA-1,1,5
ACCTAAGTACCTTTCA-1,7,7
ACCTAATCGACTTCCT-1,2,2
ACCTACAGTATGTGGT-1,1,5
ACCTACTATAAATCTA-1,6,3
ACCTCCGCCCTCGCTG-1,1,5
ACCTCCGTTATTCACC-1,1,5
ACCTCGAACTTATGCT-1,7,7
ACCTGCGTGTCATGTT-1,2,2
ACCTTTCCTTTAGAAG-1,1,1
ACGAAATGGGCGGCAC-1,2,2
ACGACTGGTCATACTC-1,7,7
ACGAGAACCCATCACG-1,1,5
ACGAGATATTTGCTTA-1,1,5
ACGAGGATACCACTCT-1,7,7
ACGAGGTTTACAACGT-1,7,7
ACGAGTACGGATGCCC-1,1,5
ACGATACATAGAACTA-1,3,5
ACGATCATACATAGAG-1,1,5
ACGATCATCTTGTAAA-1,1,5
ACGATGCATATGTTAT-1,2,2
ACGATGGATCCGATGC-1,1,5
ACGCAAACTAATAGAT-1,6,3
ACGCAATCACTACAGC-1,1,5
ACGCATACGTTTACTA-1,3,6
ACGCATTCGTGAGTAC-1,2,2
ACGCCAGATGATTTCT-1,3,5
ACGCCCAGCTGTCGAT-1,1,1
ACGCCGCTAGACGACC-1,2,4
ACGCGAAGTCAGACGA-1,6,3
ACGCGCTACACAGGGT-1,2,2
ACGCGGGCCAAGGACA-1,2,2
ACGCTAGTGATACACT-1,1,5
ACGCTGTGAGGCGTAG-1,2,2
ACGCTTAGTGTCTCTC-1,1,5
ACGGAATTTAGCAAAT-1,1,5
ACGGACTCTCAAAGCG-1,5,2
ACGGAGCGCAAATTAC-1,1,5
ACGGATGGTGCGGATA-1,5,4
ACGGCACTTGCTTGGG-1,2,2
ACGGCCAACATGGACT-1,6,3
ACGGCGACGATGGGAA-1,2,2
ACGGCGGGTTGCCCTG-1,2,2
ACGGCTGGATGTAGAA-1,7,7
ACGGGAGTGTCGGCCC-1,7,3
ACGGGTCATGTGACTT-1,2,2
ACGTACAGATTTCTCT-1,1,5
ACGTAGATTGCTGATG-1,2,2
ACGTATTACTCCGATC-1,3,6
ACGTCCTAAACGAGAT-1,4,1
ACGTGCGCCTCGTGCA-1,1,5
ACGTGGTCGAATGTGC-1,1,5
ACGTTAATGTCGAAGA-1,2,2
ACGTTAGATTTGCCCG-1,2,2
ACGTTCCGCGCTCCGT-1,1,5
ACGTTCGCAATCAATT-1,3,6
ACGTTCGTTCAGGAAA-1,7,7
ACGTTCTGTACAAGTC-1,5,4
ACGTTTAGTTGTGATC-1,1,5
ACTAATACGTCAGGCG-1,1,5
ACTACATCCCGACAAG-1,7,7
ACTACCAGCTCTCTGG-1,5,4
ACTACGCGTTAGAATT-1,2,2
ACTAGTTGCGATCGTC-1,1,5
ACTATATGCTGTGTTC-1,1,5
ACTATCCAGGGCATGG-1,4,5
ACTATCTGCCCGCGTA-1,1,5
ACTATGTCCAGCTGCC-1,7,7
ACTATTCGTCCGTGGT-1,1,5
ACTATTTCCGGGCCCA-1,7,7
ACTCAACGAATGTATT-1,1,5
ACTCAAGTGCAAGGCT-1,5,4
ACTCAATAAAGGCACG-1,3,6
ACTCAGACCTGCTTCT-1,1,5
ACTCATGGCAGCCTTC-1,7,7
ACTCCAATATCATCAT-1,7,7
ACTCCCATTCCTAAAG-1,3,6
ACTCCCGAATTCGTTT-1,1,5
ACTCCCTAATGCTAAA-1,2,2
ACTCCCTAGAATAGTA-1,5,4
ACTCGCCGTTCGATAA-1,2,4
ACTCGTAACCCGTCCT-1,7,7
ACTCGTCAGTAATCCC-1,5,4
ACTCTCTGACTTAGGT-1,5,4
ACTCTCTTATACACGA-1,1,5
ACTCTTGTATAGTAAC-1,2,2
ACTGAAACGCCGTTAG-1,5,4
ACTGAATGGCGAAAGT-1,5,4
ACTGATTTAGTGATTC-1,1,5
ACTGCCCGCCATTCTC-1,7,7
ACTGCCGTCGTAACTC-1,1,5
ACTGCTCGGAAGGATG-1,6,3
ACTGTACGATACACAT-1,5,5
ACTGTAGCACTTTGGA-1,2,2
ACTGTATACGCGAGCA-1,1,5
ACTGTCCAGGATTATA-1,2,2
ACTGTCTTCTTTAGAA-1,2,2
ACTGTGCTAGTAGATC-1,1,5
ACTGTTTAGTGTAGGC-1,1,5
ACTTACCGGGCGCGCA-1,1,5
ACTTACGCATCCACGC-1,5,4
ACTTAGTACGACAAGA-1,1,5
ACTTATACTTACCCGG-1,5,4
ACTTATCTGATCTATA-1,1,5
ACTTATTAGGATCGGT-1,2,2
ACTTATTTATGTGCCA-1,5,4
ACTTCAGGCTGATCCC-1,5,4
ACTTCCATGCGGGACA-1,5,4
ACTTCGCCATACGCAC-1,1,5
ACTTGACTCCCTCTTT-1,5,4
ACTTGCCATATTGTAC-1,1,5
ACTTGGGACCCGGTGG-1,2,2
ACTTGTAGTCCCTTCA-1,2,2
ACTTGTGGATGGAACG-1,1,5
ACTTTACCCTCATGAA-1,1,5
ACTTTCCTATAGCTTC-1,5,2
ACTTTGACTGCATCCT-1,2,2
ACTTTGGTCGTGCTCC-1,7,7
AGAAATTATGACTCGC-1,1,5
AGAACCCTCAATTGGG-1,7,7
AGAACGTGGTACATTC-1,1,5
AGAAGAGCGCCGTTCC-1,2,2
AGAAGGTACACTTCAC-1,6,3
AGAAGGTTGCCGAATT-1,7,3
AGAAGGTTGTAGGTCG-1,5,4
AGAAGTGATTCGTGAT-1,6,3
AGAATAAATCTTCAGG-1,2,4
AGAATGCGGGTTCGGA-1,1,5
AGAATTATGGATTCGA-1,1,5
AGAATTGTTTGACATA-1,1,5
AGACATAGATCCTTCC-1,1,5
AGACCAAACCACACCT-1,6,3
AGACCATGGGATACAA-1,1,5
AGACCCACCGCTGATC-1,2,2
AGACCCGCCCTCCTCG-1,5,4
AGACCGCTCCGCGGTT-1,1,5
AGACCGGGAAACCCTG-1,2,2
AGACGAAGTGCCGGTC-1,1,5
AGACGACGATGCCGCT-1,7,7
AGACGGGATTGGTATA-1,4,1
AGACGGGCCGATTTAA-1,1,5
AGACTAGCCTTCCAGA-1,2,2
AGACTGTTACCGGGTC-1,7,7
AGAGAAACACCAGAAA-1,7,7
AGAGAACCGTCTAGGA-1,5,4
AGAGAAGGAGTACAAT-1,7,7
AGAGATCTCTAAAGCG-1,2,2
AGAGCAGTTATGAGAC-1,1,2
AGAGCCGCCGAGATTT-1,1,5
AGAGCGGGCTAATCAT-1,1,5
AGAGCGTACAAGCTCG-1,2,2
AGAGGCTTCGGAAACC-1,1,5
AGAGGTATCTCGGTCC-1,1,5
AGAGTAAACTTCACTA-1,1,5
AGAGTTAGAGACCGAT-1,1,5
AGATAACTTCAGGGCC-1,2,2
AGATACCGGTGTTCAC-1,2,2
AGATACGACTTCATAT-1,1,5
AGATACTCAAGATCGA-1,5,4
AGATATAATACGACTA-1,5,2
AGATCGTGCATAAGAT-1,1,5
AGATCTCAGGTGTGAT-1,5,5
AGATGACTCGCCCACG-1,5,4
AGATGAGGGTTGCGAT-1,1,5
AGATGATGGAGTCTGG-1,1,5
AGATGCAAGACGTGCA-1,7,7
AGATGCTATAACGAGC-1,2,2
AGATTATAGGACGTTT-1,2,2
AGATTCACAACCGATA-1,6,3
AGCAAAGGCCGCTAGT-1,2,2
AGCAACATATCTTATT-1,1,6
AGCAACCGAAAGTAAT-1,7,7
AGCACACGTTTAGACT-1,7,7
AGCACCAGTACTCACG-1,3,6
AGCACTACCGGCCTGT-1,2,2
AGCACTACCTCACCAG-1,5,4
AGCACTTAAGGACGCC-1,2,2
AGCAGAAGGAGAAAGA-1,2,2
AGCAGCCAGATGAATA-1,2,2
AGCATATCAATATGCT-1,1,5
AGCATCATTTCGAAAG-1,7,7
AGCATCGTCGATAATT-1,5,4
AGCATTACGAGGCAAG-1,2,2
AGCCAAGCTTTGTGTC-1,2,2
AGCCACAGGTTACCCG-1,5,4
AGCCACTCCCGTGCTT-1,1,5
AGCCCATACATGTAAG-1,2,2
AGCCCGGCATTAGAGG-1,7,7
AGCCCGGTAGCCTGTA-1,6,3
AGCCCTAAGCGAAGTT-1,1,5
AGCCCTCCCTGGTGGC-1,7,7
AGCCCTTCTAATCCGA-1,1,5
AGCCGTGGCTAAATGT-1,7,7
AGCCTAATACCCACGT-1,7,7
AGCCTTAAAGCGGAAG-1,1,5
AGCGACAGGAACGGTC-1,7,7
AGCGACATCCCATTCA-1,1,5
AGCGACCAACGATATT-1,5,4
AGCGAGACGTGAAGGC-1,7,7
AGCGATGCGCCTAATA-1,1,5
AGCGCATAATGAATCG-1,6,3
AGCGCGGGTGCCAATG-1,1,5
AGCGCTTATGGGCAAG-1,1,5
AGCGGACACTTCGTAG-1,2,2
AGCGGCGGTTAGCGGT-1,6,3
AGCGGGAAGGGTCCAT-1,1,5
AGCGGGTCTGACACTC-1,2,2
AGCGGTTGAGATGTAC-1,1,5
AGCGTAGCGCTAGACC-1,2,2
AGCGTCTGAACCCGCA-1,1,5
AGCGTGGTATTCTACT-1,5,4
AGCGTTCCGATTTAAA-1,1,5
AGCTAACAAGCAATGT-1,7,7
AGCTAAGTACGCAGGC-1,5,4
AGCTAGAAGCAGAAGT-1,1,5
AGCTATTTAATCCAAC-1,3,5
AGCTCCATATATGTTC-1,1,5
AGCTCCTTCGCACATC-1,5,4
AGCTCTAGACGTTCCA-1,5,4
AGCTCTTCCCAGTGCA-1,1,5
AGCTCTTCGTAACCTT-1,1,5
AGCTCTTTACTCAGTT-1,6,3
AGCTGAAGTAAACCAA-1,1,5
AGCTGTAACCTCAATC-1,7,7
AGCTTATAGAGACCTG-1,1,5
AGCTTCAATACTTTGA-1,4,1
AGCTTGATCTTAACTT-1,2,2
AGGAAAGCCTCTGATG-1,2,2
AGGAAGCTGTCCGCCG-1,2,2
AGGACAGTCGAATCCC-1,5,4
AGGACATCGCACGTCG-1,1,5
AGGACGACCCATTAGA-1,7,3
AGGACGCTCGATGTTG-1,1,5
AGGAGGCCTTCGCGCG-1,1,5
AGGATAAAGTCGGGAT-1,2,2
AGGATATAGGGATTTA-1,1,5
AGGATCACGCGATCTG-1,6,3
AGGCAAAGAGGAATCA-1,2,5
AGGCACGTGACTGTCC-1,1,5
AGGCAGATGCGTAAAC-1,5,4
AGGCAGGGAGCGTACT-1,6,3
AGGCATTGTCGTAGGG-1,1,5
AGGCCACCCGTTATGA-1,2,2
AGGCCCATTGTACAGG-1,1,5
AGGCCCTAGAACGCCA-1,6,3
AGGCCTGAGAATCTCG-1,5,4
AGGCGGTTTGTCCCGC-1,7,7
AGGCGTCTATGGACGG-1,1,5
AGGCTATGGTTAGCTT-1,2,2
AGGCTTCCCGAAGAAG-1,7,7
AGGCTTGCTAGACACC-1,1,5
AGGGAAACGAGGTACT-1,1,5
AGGGACAGCACGGCGG-1,1,5
AGGGACCGGCTGCGTT-1,1,5
AGGGACTCTACGCGAC-1,6,3
AGGGAGACATACTTCG-1,1,5
AGGGCAGCGGCGTGGT-1,1,5
AGGGCGAGCAGCTGAT-1,2,2
AGGGCGTGATCGGCTA-1,1,5
AGGGCTGCAGTTACAG-1,2,2
AGGGTCAGAGCACTCG-1,7,7
AGGGTCGATGCGAACT-1,3,5
AGGGTGCCGTTCTTTA-1,6,7
AGGGTGCTCTCGAGGG-1,5,4
AGGGTGGATAGTGCAT-1,1,5
AGGGTTCCCTTTGGTT-1,5,4
AGGGTTTAGTTCGGGA-1,2,2
AGGTAACCTCCTATTC-1,1,5
AGGTACGATATTGCCA-1,1,5
AGGTAGATCGAGATAT-1,7,7
AGGTAGGTACAAAGCT-1,2,2
AGGTATAATTGATAGT-1,1,5
AGGTCAGGTGAGAGTG-1,6,3
AGGTCGCCACTTCGGT-1,2,2
AGGTCGCGGAGTTACT-1,1,5
AGGTGGTGACCTTCGC-1,2,2
AGGTGTATCGCCATGA-1,2,4
AGGTTACACCATGCCG-1,1,6
AGGTTCTCCTTTCCGG-1,7,7
AGGTTGAGGCACGCTT-1,3,5
AGGTTTCACACACCTT-1,2,2
AGTAACGTTCATCCTG-1,1,5
AGTAACTATAGCAGCC-1,2,2
AGTAATGTCTTGCCGC-1,1,5
AGTAATTTGCAAGCGT-1,7,7
AGTACATCATTTATCA-1,1,5
AGTACCTTCGAGTGCT-1,1,5
AGTACGGCCCGTATCG-1,2,4
AGTACGGGCACCTGGC-1,5,5
AGTACGTGGCCTGTCT-1,1,5
AGTACTCTTATGCCCA-1,5,4
AGTAGAAGGCGCCTCA-1,6,3
AGTAGCGTGAACGAAC-1,4,1
AGTAGCTAGACGCCGA-1,1,5
AGTAGGAAGGAAGTTG-1,1,5
AGTAGGTAACATACAT-1,1,5
AGTATAATACTAGGCA-1,2,2
AGTATACACAGCGACA-1,6,3
AGTATCCATAATAACG-1,2,2
AGTATGCTGGAGACCA-1,7,7
AGTATTTGGCACGACC-1,6,3
AGTCAAATGATGTGAT-1,7,7
AGTCAACACCACCATC-1,6,3
AGTCAAGATGACACTT-1,5,4
AGTCACTAGCTCTCGA-1,3,6
AGTCACTCCGCCTCAT-1,2,2
AGTCAGCCACCGCCTG-1,1,5
AGTCCAGCGGGTACGT-1,2,2
AGTCCATTGGCTGATG-1,3,6
AGTCCCGCCTTTAATT-1,1,5
AGTCGACGGTCTCAAG-1,5,4
AGTCGGCCCAAACGAC-1,5,4
AGTCGGCTCAACTTTA-1,6,3
AGTCGGTTGCGTGAGA-1,1,5
AGTCGTATAAAGCAGA-1,2,2
AGTCGTCGACCACCAA-1,5,4
AGTCGTGGGCATTACG-1,7,7
AGTCTAAAGTATACTC-1,1,5
AGTCTCACAAGACTAC-1,7,7
AGTCTGGACATCCTTG-1,1,5
AGTCTTCTCCTCAAAT-1,3,6
AGTCTTTAAAGTGTCC-1,2,2
AGTGAACAAACTTCTC-1,3,6
AGTGACCTACTTTACG-1,6,3
AGTGACTGTGACACAA-1,7,7
AGTGAGACTTCCAGTA-1,5,4
AGTGAGCCTCGCCGCC-1,4,5
AGTGAGGGTTTCTGAC-1,1,5
AGTGATAACCTGCGCG-1,5,4
AGTGATATGAGTAGTT-1,6,3
AGTGATTCAAGCAGGA-1,5,4
AGTGCACGCTTAAGAA-1,1,5
AGTGCGTAGCTCGTAA-1,6,3
AGTGCTAAACACAGCA-1,5,4
AGTGCTTGCACGAATA-1,5,4
AGTGGCGGCAATTTGA-1,1,5
AGTGGCGTCTGAAGGT-1,5,4
AGTGGCTCCGTCGGCC-1,2,2
AGTGGTGTTACCCGTG-1,2,2
AGTGTATTGCGCATTG-1,1,5
AGTGTGCTAAGATCGC-1,2,2
AGTGTGGTCTATTGTG-1,1,5
AGTTAAACACTTGCGA-1,6,3
AGTTAAGCGGTCCCGG-1,3,5
AGTTAAGTCAACCGCT-1,7,7
AGTTACCGCACATGGT-1,1,5
AGTTACTCTATCGTGG-1,1,5
AGTTATTGAAAGGTAA-1,4,1
AGTTCCTACAGAATTA-1,2,2
AGTTCCTATTTATGTT-1,2,2
AGTTCTGCGTTGTATC-1,2,2
AGTTGACATCGGCTGG-1,1,5
AGTTGACGGTCCTTGC-1,2,2
AGTTGCTGACTGATAT-1,1,5
AGTTTCGCAGGTCGGA-1,1,5
AGTTTGCACCTGCCTC-1,2,2
AGTTTGGCACGGGTTG-1,1,5
AGTTTGGCCAGACCTA-1,6,3
ATAAACCATTGGACGG-1,2,2
ATAAACGGACCCGTAA-1,2,2
ATAAACGTTGCACCAC-1,1,5
ATAAAGGCTCGGTCGT-1,2,2
ATAAAGGTCAAGTACG-1,1,5
ATAAATATTAGCAGCT-1,2,2
ATAACGCCGGAGGGTC-1,5,4
ATAACGGAGTCCAACG-1,1,5
ATAAGGTGGAGAACAT-1,2,4
ATAAGTAGGATTCAGA-1,1,5
ATAAGTAGGGCGACTC-1,1,5
ATAAGTTACCGCGACG-1,6,3
ATAATACCGTTAGCCG-1,1,5
ATAATAGCTGTTGAAT-1,2,2
ATAATAGTGTAGGGAC-1,1,5
ATAATCTTGGAGAACC-1,5,4
ATAATTAGCTAAGTAG-1,2,2
ATACAGGCCCTCCAAT-1,2,2
ATACCACGGGCAACTT-1,2,2
ATACCAGCAAATTGCT-1,1,5
ATACCAGGCTAATAGA-1,1,5
ATACCAGGTGAGCGAT-1,1,1
ATACCTAACCAAGAAA-1,2,2
ATACGCCGATCTACCG-1,1,5
ATACGCCGGCGAAACC-1,5,4
ATACGGAACGTCGTTT-1,7,7
ATACGGGTTTCGATTG-1,1,5
ATACGGTGAAGATGCA-1,2,4
ATACGTACTTAGCCAC-1,2,2
ATACGTCCACTCCTGT-1,1,4
ATACGTTATGCACGGA-1,2,2
ATACTACCCGTACCAC-1,1,5
ATACTAGCATGACCCT-1,1,5
ATACTCTCGCCACTCT-1,2,5
ATACTGCCTTACACCG-1,5,4
ATACTTGTTCTCGAGC-1,1,5
ATAGACAACGGGACCT-1,1,5
ATAGACGAAGAGAAAG-1,2,2
ATAGAGTACTGGGACA-1,5,4
ATAGAGTTATCAACTT-1,1,5
ATAGATTTGCAGTCGG-1,1,1
ATAGCAACTAGGGAAG-1,1,5
ATAGCCTCAGTACCCA-1,1,5
ATAGCTGCTCTTGTTA-1,2,2
ATAGGAATCTAAGCTT-1,1,5
ATAGGCGGCTATAGAA-1,2,3
ATAGGCTAGCTTCGCA-1,1,5
ATAGGGATATCCTTGA-1,5,5
ATAGGTTGGGCAGATG-1,5,6
ATAGTCTTTGACGTGC-1,1,5
ATAGTGAAGCGTTCTC-1,6,3
ATAGTTCCACCCACTC-1,1,5
ATATAAAGCGCTCGTG-1,2,2
ATATAAATGTAGCTGC-1,2,2
ATATAACACGGGCGCA-1,5,4
ATATACGCTCGTGACG-1,1,5
ATATAGAGTATTGGTC-1,7,7
ATATCAACCTACAGAG-1,1,5
ATATCAATTCCAGCCT-1,6,3
ATATCGGTAGGGAGAT-1,4,5
ATATCGTGCCAGACCC-1,1,5
ATATCGTTCCTCGAAC-1,5,4
ATATCTCCCTCGTTAA-1,1,5
ATATCTTAGGGCCTTC-1,2,2
ATATGTCTCCCTAGCC-1,1,5
ATATTCAGTTAAACCT-1,7,3
ATATTCCACATAGTGA-1,2,2
ATATTCCCACAGGTCA-1,1,5
ATATTGCTGTCAAAGT-1,1,5
ATATTTAACCCTCAAG-1,2,2
ATCAAACACTGTTCCA-1,1,5
ATCAAACGAAGGTTTG-1,7,7
ATCAATCTGGGCTGCA-1,2,2
ATCAATGCCGTGGCTG-1,7,7
ATCACATTAGAATATC-1,3,5
ATCACGTGCTAATTAA-1,6,3
ATCACTTCATCCTCGC-1,3,5
ATCAGACGGCACGCCG-1,7,3
ATCAGCCTCATGCTGC-1,5,4
ATCAGCTCGTCCACTA-1,7,7
ATCAGGTCGCCATTGC-1,1,5
ATCAGTAGGCAGGGAT-1,1,5
ATCATAGCCCTATGTA-1,1,5
ATCATCCAATATTTGT-1,2,2
ATCATCTGCCCAGTGT-1,1,5
ATCCAACGCAGTCATA-1,2,2
ATCCAATGGAGGGTCC-1,2,2
ATCCACATCGACAGAA-1,5,2
ATCCACGCTAAATGTT-1,1,5
ATCCAGAGCAACAACC-1,6,3
ATCCAGGATTCGTGAA-1,6,3
ATCCCATCCACAGCGC-1,7,7
ATCCTACCTAAGCTCT-1,6,3
ATCCTGAATCGCTGCG-1,2,2
ATCCTGCGTGGAATGG-1,6,3
ATCCTGCTGCAGATAG-1,1,5
ATCGACCCAATACAGA-1,2,2
ATCGACTCTTTCCGTT-1,1,5
ATCGCACGATTGTTCA-1,2,2
ATCGCACGCCGGGAGA-1,5,4
ATCGCCAGTCAACATT-1,3,6
ATCGCTGCGTGCAGCA-1,1,5
ATCGGAGACAGACGGC-1,2,2
ATCGGCAAGCAGTCCA-1,1,5
ATCGTGGAAAGTCTGG-1,7,7
ATCGTTAGCTAGCGGA-1,5,4
ATCGTTCACTTTCGCC-1,1,5
ATCTAATATCCTACGG-1,2,2
ATCTAGCTTGTGAGGG-1,2,2
ATCTCCCACGGAATAT-1,1,5
ATCTCCCTGCAATCTA-1,3,5
ATCTCGTGAGCGAAAC-1,3,5
ATCTGACATGGAAGGA-1,7,7
ATCTGATAGTGTCTTA-1,1,5
ATCTGCACCTCTGCGA-1,1,5
ATCTGCTGTTATCGCC-1,2,2
ATCTGGGCTGTTCTTG-1,2,2
ATCTGGTTAAGACTGT-1,1,5
ATCTGTAATTGTACCC-1,1,5
ATCTTAGGGCATTAAT-1,7,7
ATCTTATCGCACACCC-1,1,5
ATCTTGACCTGCAACG-1,5,4
ATCTTGACTTGTCCAA-1,1,5
ATGAAGCCAAGGAGCC-1,5,4
ATGACGCCGGCTCTAA-1,1,5
ATGACGCGTTCTATCC-1,7,7
ATGACTATCAGCTGTG-1,7,7
ATGACTATGCGACATT-1,5,4
ATGAGGAGTGTTAATC-1,2,2
ATGATCGGGAATAGAC-1,1,5
ATGATGCAATGGTACA-1,6,3
ATGCACGCGCTGTTCA-1,7,7
ATGCACTACCGCATTG-1,2,2
ATGCATGATCCAGGAT-1,3,6
ATGCATTCCGTGATGG-1,1,5
ATGCCAATCGCTCTGC-1,1,5
ATGCCATTTGCGACCA-1,1,5
ATGCCGGTCTTGCATA-1,5,4
ATGCCGGTTGATGGGA-1,1,5
ATGCGACAATTGGTCC-1,1,5
ATGCGACAGTCCCATT-1,2,2
ATGCGAGTCCCACCAC-1,1,5
ATGCTCAGTGTTGCAT-1,1,5
ATGCTCTGGCGCGGTA-1,5,2
ATGCTTAGGAGTTGAT-1,1,5
ATGGAAATTTAAGGAG-1,6,3
ATGGAGCAGGCCGTGA-1,2,2
ATGGATCCGGCGTCCG-1,3,5
ATGGATTGACCAAACG-1,5,2
ATGGCAGCATTACGAT-1,7,7
ATGGCTGGAAATGGCC-1,1,5
ATGGGAACGGAAGCGG-1,1,5
ATGGGACCTGCTGAAC-1,7,7
ATGGGCCTCGGCCTCT-1,5,4
ATGGGTGTATACCTCC-1,7,7
ATGGTATTTACTGATT-1,7,7
ATGGTCGCGTGGTTTC-1,5,4
ATGGTGCTCAAAGCCA-1,4,1
ATGTAAGGCTGCTCTT-1,3,6
ATGTACATGCGGTGAG-1,2,2
ATGTACGATGACGTCG-1,2,2
ATGTAGCGCGCGTAGG-1,2,2
ATGTGAAAGCCTAATG-1,6,3
ATGTGCATCCGACGCA-1,5,4
ATGTGGACATCTTGAT-1,5,4
ATGTGTAGTTTAGTCA-1,1,5
ATGTTACGAGCAATAC-1,1,5
ATGTTCGTCGACCCAC-1,2,4
ATGTTGTAGTCTGTTT-1,6,3
ATTAAACATGCGGACC-1,2,2
ATTAATACTACGCGGG-1,3,6
ATTAATGAACCAGTCG-1,3,5
ATTAATTCGGTCACTC-1,1,5
ATTACAACTACCGGCC-1,1,5
ATTACATGTCAGTCTT-1,1,5
ATTACCACACTGCCTG-1,3,5
ATTACGCGCTGGCAGG-1,2,2
ATTACTAGCCTCTTGC-1,1,5
ATTACTTACTGGGCAT-1,1,5
ATTAGATTCCTCAGCA-1,1,5
ATTAGATTGATAGCGG-1,5,4
ATTAGGCGATGCTTTC-1,2,2
ATTATACTTTGCTCGT-1,3,5
ATTATAGCTACTTTAC-1,3,6
ATTATCTCGACAGATC-1,1,5
ATTATGAGACCCAATT-1,7,7
ATTATGCCATAGGGAG-1,5,4
ATTATTATGTCCGTCA-1,7,7
ATTCAAAGTACCTGTT-1,2,2
ATTCAACCATTTAAGG-1,1,5
ATTCACTGATGTTGGA-1,2,2
ATTCAGGACCTATTTC-1,1,5
ATTCAGGATCGCCTCT-1,1,5
ATTCAGTAGCAGGGTC-1,2,2
ATTCATATACTGTCCA-1,2,2
ATTCATCGTTGAGGCA-1,5,4
ATTCCCACATAAACAA-1,1,5
ATTCCTAAGACGTGGA-1,1,5
ATTCCTCCGCCAGTGC-1,1,4
ATTCCTTCCAGGCGGT-1,2,5
ATTCGACGCCGGGCCT-1,2,2
ATTCGTGCTATCTCTT-1,1,5
ATTCTCGTCTCTTTAG-1,1,5
ATTCTGAGTATGAACT-1,1,5
ATTCTTCGTACTTATG-1,1,5
ATTGAAGATCTTAGTG-1,2,2
ATTGACGTAACTCGGT-1,1,5
ATTGATAGCAACGAGA-1,2,2
ATTGATCACCACATTT-1,6,3
ATTGATGAGTCCTAAC-1,1,5
ATTGCCTATTAGACCG-1,7,7
ATTGCCTTTATGTTTG-1,5,4
ATTGCGATCAGTAACT-1,1,5
ATTGCTGCTCCTCCAT-1,2,2
ATTGGATTACAGCGTA-1,3,6
ATTGGGAATATCTTGG-1,1,5
ATTGGTTGTGCATTAC-1,2,2
ATTGTACAACTCGGCT-1,1,5
ATTGTCGCAATACCTT-1,1,5
ATTGTGACTTCGCTGC-1,3,5
ATTTAACTCGTATTAC-1,1,5
ATTTACAGTTTACTGG-1,2,2
ATTTACTAAGTCCATT-1,3,5
ATTTCATTATTTCGCG-1,3,5
ATTTCCGGGTTCTGCG-1,7,7
ATTTGCCTAGTTACGA-1,1,1
ATTTGCGCGAGTAGCT-1,7,7
ATTTGTCTTGGGAGCT-1,5,4
ATTTGTTCCAGGGCTC-1,5,5
CAAACGAGTATCGCAG-1,7,7
CAAACGGTCGCACTTT-1,2,2
CAAACGTGGTCTTGCG-1,1,5
CAAACTACGATAGAGA-1,1,5
CAAACTATTGAGCTTC-1,1,5
CAAACTCGCGACGCCG-1,3,6
CAAAGATTATTGGGCC-1,7,7
CAAATCTCTCACAAGG-1,6,3
CAAATGCGGAGTGTTC-1,4,1
CAAATGTCCTTCCGTG-1,6,3
CAAATTGTCAGCAAGC-1,1,5
CAACAGAATAACGCTA-1,1,5
CAACAGTGCCAAACGG-1,1,1
CAACATGGCCTGATAA-1,2,2
CAACCTACCGAGCAGT-1,3,5
CAACGACCCGTTTACA-1,5,4
CAACGGTTCTTGATAC-1,1,5
CAACGTGGTGGAGTCT-1,1,5
CAACTATATCGAATGC-1,3,5
CAACTCCAACGTTTAG-1,1,5
CAACTCCGTAACTTGC-1,6,3
CAACTCCTTGATCCCG-1,5,5
CAACTGCTCATCCGAT-1,2,2
CAACTTGTAGTGGGCA-1,1,5
CAAGAGGGCGGAGTAC-1,5,4
CAAGATATTATAACGT-1,5,4
CAAGCAACGTCGGAGT-1,2,2
CAAGCACCAAATGCCT-1,1,5
CAAGCGGCACATAATT-1,2,2
CAAGGATCGCATGTTC-1,2,2
CAAGGTCCTATAGGCT-1,1,5
CAAGTGAACTTTGGTT-1,1,5
CAAGTGTGGTTGCAAA-1,1,6
CAATAAACCTTGGCCC-1,1,5
CAATACGCTCTGAGGC-1,2,2
CAATATGTAGATTTAC-1,2,5
CAATATTCTTGACCTA-1,7,7
CAATCCATTATCCGTT-1,2,5
CAATCCCTATACCAGC-1,1,5
CAATCCTGCCGTGGAG-1,1,5
CAATGCGAGAAGTATC-1,5,4
CAATGGAATCTACATA-1,1,5
CAATGGATCTCTACCA-1,5,4
CAATGGTCGGCCTGGG-1,1,5
CAATGTGCCAACCCTT-1,2,5
CAATTAAGGGTGATGA-1,5,6
CAATTTCGTATAAGGG-1,2,2
CAATTTGACCGGGAAG-1,2,2
CACAAGAAAGATATTA-1,1,5
CACAAGCTAAGAAAGG-1,7,7
CACAATGAGCTGCTAT-1,6,3
CACACACGCTAACGAG-1,3,6
CACACAGCTTGCGCTC-1,3,5
CACACAGGGATAGATT-1,2,2
CACACGCGCTGTCTTA-1,5,4
CACACGTTTCAATGGG-1,1,5
CACACTTGTATTGCGA-1,1,5
CACAGAGACGAGGACG-1,7,7
CACAGCACCCACGGCA-1,2,2
CACAGCTAGGGAGTGA-1,4,1
CACAGGGCCATATAGT-1,5,4
CACAGGGCCGTTGTCA-1,2,2
CACAGTCCCGCTTCGC-1,1,5
CACAGTTCGCTTCCCA-1,1,5
CACATAAGGCGACCGT-1,1,5
CACATATTAGCAGGAT-1,5,4
CACATCGTGCACGCGC-1,7,7
CACATCTCACCGACGA-1,2,2
CACATGATTCAGCAAC-1,2,2
CACATGTTTGGACATG-1,2,2
CACATTCTTTCGATGG-1,1,5
CACATTTCTTGTCAGA-1,1,5
CACCAGTCAGCATGCA-1,7,7
CACCATCGGAGGAGAC-1,1,5
CACCCAAATCTTATGT-1,1,5
CACCCACACGTCACCC-1,1,5
CACCCACGAGGCAATT-1,1,5
CACCCGGTTTGTGACT-1,7,7
CACCCTAACAAGATCT-1,5,4
CACCCTTGGTGAGACC-1,7,7
CACCCTTTCCTCGCTC-1,1,5
CACCGATACACCGAGC-1,1,5
CACCGCCAGAAGGTTT-1,5,2
CACCGCCGACCAGCGA-1,1,5
CACCGCGTCCACTCTA-1,1,5
CACCGGAGATATCTCC-1,1,5
CACCGGTAGAGACATT-1,7,7
CACCGTATCCCATCCG-1,1,5
CACCGTTAGGGATCAC-1,7,7
CACCGTTGCGCGATAT-1,6,3
CACCTAATAGAGTCGT-1,1,5
CACCTAATCAGTTTAC-1,5,5
CACCTCGATGGTGGAC-1,5,5
CACCTTGCGAAACTCG-1,1,5
CACCTTGGCGCCTTTG-1,3,6
CACGAAAGTTAGTCCC-1,2,2
CACGACCACAGACTTT-1,1,5
CACGACGTAATAGTAA-1,2,5
CACGACTAAAGTTCTG-1,1,5
CACGATTGGTCGTTAA-1,4,1
CACGCACAGCGCAGCT-1,3,6
CACGCAGCGAGGCTTT-1,2,2
CACGCGGAACTGTTGC-1,3,6
CACGGCGCGCCAAAGG-1,1,5
CACGGGATTGAGGGTT-1,1,5
CACGTCGGCAACCTCT-1,7,7
CACGTCTATGATGTGG-1,1,5
CACGTTCGTGCTCTAG-1,5,4
CACGTTTCGTACACAC-1,5,4
CACTAAAGTTGCCTAT-1,2,2
CACTACGGGAGCTGCC-1,1,5
CACTACTCAGTTCTGT-1,1,5
CACTCAAGAGCTATGG-1,2,3
CACTCAGCTCTTGAGG-1,1,5
CACTCCTATGTAAGAT-1,7,7
CACTCCTCTCGGTCGG-1,1,5
CACTCGAGCTGAACAA-1,5,4
CACTCGGTTAGGAGGA-1,2,4
CACTCTTCTGCTAGCC-1,1,5
CACTGACGATTGTGGA-1,6,3
CACTGTCCAAGTGAGA-1,1,5
CACTTAATCAGACGGA-1,2,2
CACTTCGCCACAGGCT-1,1,5
CACTTCGTCTTATCTC-1,1,5
CAGAACTTAGCCCTCT-1,5,4
CAGAATAACACACGGA-1,1,5
CAGACACCGATCGCTG-1,6,3
CAGACCTGTAAGTGTT-1,3,5
CAGACGAACCTGATAC-1,7,7
CAGAGACGGTCACCCA-1,2,3
CAGAGCATGAGCTTGC-1,1,6
CAGAGGCGATGCATGA-1,7,7
CAGAGTGATTTAACGT-1,1,5
CAGATACTAACATAGT-1,5,4
CAGATATGAAGATGAC-1,7,7
CAGATCATTTAAAGTC-1,1,5
CAGATCCTGGTTTGAA-1,7,7
CAGCAGCCCGTTCCTT-1,5,5
CAGCAGTCCAGACTAT-1,1,5
CAGCAGTCTGTGCTGC-1,5,2
CAGCCCTCACAGGCAG-1,1,5
CAGCCGGGCCCTCTAT-1,1,5
CAGCCTCCTGCAGAGG-1,3,5
CAGCCTCTCCTCAAGA-1,1,5
CAGCGATTCCCTTCAA-1,7,7
CAGCTCACTGAGACAT-1,2,2
CAGCTCGACAAGTTAA-1,5,4
CAGCTCGTGCTTGTGT-1,1,5
CAGCTGGCGTAACCGT-1,6,3
CAGCTTAGTAGGTAGC-1,2,2
CAGGAAGACTTTATAT-1,1,5
CAGGATATATCGTTGT-1,2,2
CAGGATCCGCCCGACC-1,2,2
CAGGCAGTCTTACCAG-1,5,4
CAGGCCGTTTGGGTGT-1,6,3
CAGGCGCACGGTGGTC-1,7,7
CAGGCGCCATGCTAGG-1,5,4
CAGTAACTATTTATTG-1,1,5
CAGTAATCCCTCCCAG-1,1,5
CAGTACATTCTCTAAA-1,1,5
CAGTACCAGTTTACGT-1,6,3
CAGTAGCCCACGCGGT-1,1,5
CAGTAGCGAGGTAGTA-1,2,2
CAGTCGAGGATGCAAT-1,1,5
CAGTCTCTCGGCTAAT-1,2,2
CAGTCTGTATACTGGG-1,2,2
CAGTGAATAAATGACT-1,5,5
CAGTGGTTGCACATGA-1,1,5
CAGTGTCCGCAGAATG-1,1,5
CAGTGTCGGCTGGCCC-1,5,4
CAGTGTTAATCTCTCA-1,6,3
CAGTTCAAATTGACAC-1,2,2
CAGTTCCGCGGGTCGA-1,2,2
CATAACGGACAGTCGT-1,1,5
CATAAGAAGCTTGGCT-1,2,2
CATAAGCTCTCCGTCT-1,2,2
CATAATGAGCGGGCGA-1,1,5
CATACAAAGCCGAACC-1,1,5
CATACACGGTTCCCAC-1,2,2
CATACCCGTACCCAGT-1,2,2
CATACGAACTAGCTGG-1,7,7
CATACGGCGTCTGGGC-1,2,2
CATACGGGTGCATGAT-1,2,2
CATACTATGTAATTGT-1,2,2
CATACTTAGGCAATAC-1,1,5
CATAGCCGCCCGGGAT-1,1,5
CATAGCGTTGCCCACC-1,7,7
CATAGTACATTGAGAG-1,3,5
CATAGTAGCATAGTAG-1,5,4
CATAGTCAAATACATA-1,5,4
CATAGTCCACAAGAAC-1,6,3
CATATACTACTGATAA-1,1,5
CATATAGGTACAGTCA-1,6,3
CATATGTCAGGCTACG-1,6,3
CATATTATTTGCCCTA-1,1,5
CATCATCTACCCGGAC-1,1,5
CATCATTACCCTGAGG-1,1,5
CATCCAATATAGTTTG-1,7,7
CATCCGCAGGCCCGAA-1,1,5
CATCCTCTCAAAGATC-1,5,4
CATCGAATGGATCTCT-1,2,2
CATCGCCCGCGGCCAA-1,1,5
CATCGGACGGGTTAAT-1,2,3
CATCTATCCCGTGTCT-1,1,5
CATCTTACACCACCTC-1,3,5
CATGAACCGACATTTG-1,1,5
CATGAACCTCTTATCA-1,1,5
CATGACTTCGCTGAAT-1,1,5
CATGAGATGCACTCTC-1,5,4
CATGATCGCTTTGAGA-1,2,2
CATGATGCACAATTCT-1,3,5
CATGATGGAAGTTAGC-1,3,6
CATGCACGTGTTACTG-1,1,5
CATGCATGGAGACCCT-1,1,5
CATGCCAACTCGCAAA-1,2,2
CATGCGACCAGTTTAA-1,1,5
CATGCGTTAGACAGAA-1,1,5
CATGCTGGCTCCAATT-1,1,5
CATGGAAATGGGACCA-1,1,5
CATGGATTGTCTTCCG-1,3,6
CATGGCAGGAAGATCG-1,1,5
CATGGGTATGCCTTAT-1,5,4
CATGGGTCGGGTGTGG-1,1,5
CATGGTAAGTAGCGTT-1,5,4
CATGGTATTAGTTTGT-1,7,7
CATGGTCTAGATACCG-1,3,6
CATGTAAGAGACATTT-1,5,4
CATGTAGGAGCGCCAA-1,1,5
CATGTCTCATTTATGG-1,5,4
CATTACGTCGGCCCGT-1,1,5
CATTATAACAGGGTCC-1,1,1
CATTATCCCATTAACG-1,7,7
CATTATGCTTGTTGTG-1,5,4
CATTCACTGACAGCTA-1,1,5
CATTCAGGTCAGTGCG-1,2,2
CATTCCCTAAGTACAA-1,2,2
CATTGCAAAGCATAAT-1,4,1
CATTGCGAAATGGGCG-1,2,4
CATTGTGTGCTAGATC-1,1,2
CATTTAGCGGACCATG-1,5,4
CATTTATCGTTCAAGA-1,1,5
CATTTCTAGCAGACTA-1,1,5
CATTTGAGTGGTACGT-1,7,7
CCAAACAGAACCCTCG-1,5,4
CCAAAGCAGTTGGTTG-1,2,2
CCAAATAACAAGATTC-1,1,5
CCAACCTTATGTAACT-1,7,7
CCAACGATGCACTGAT-1,2,2
CCAACGCTTGCCAGGG-1,1,5
CCAAGAAAGTGGGCGA-1,6,3
CCAAGACTTCTGCGAA-1,1,5
CCAAGCGTAACTCGTA-1,5,2
CCAAGGAACAGAGAGG-1,1,5
CCAATAGTGCCGTCGA-1,2,2
CCAATCGGTAGATCGA-1,1,5
CCAATGTCACAGCAAG-1,2,2
CCAATTACGGGTCGAG-1,1,5
CCAATTGAATGTTAAT-1,5,4
CCACAATGTACGTCTT-1,5,4
CCACACTGAGATATTA-1,2,2
CCACAGCTGAAATCAT-1,1,5
CCACAGTACCCATCCT-1,1,4
CCACATACTGCACCCA-1,1,5
CCACCAACTTTACTGT-1,7,7
CCACCCAAGGAAAGTG-1,5,4
CCACGAATTTAACCTC-1,1,5
CCACGAGAAGAGAATC-1,3,5
CCACGGAGCCATAAGA-1,6,3
CCACGGTGCCCGGTAG-1,1,5
CCACTAAACTGAATCG-1,2,2
CCACTGGTGGCTGGTT-1,4,1
CCACTGTTTGGATTAA-1,1,5
CCAGAAAGCAACTCAT-1,7,7
CCAGAGACAAAGCCGG-1,1,5
CCAGATAGTTGAGTGA-1,5,4
CCAGCCTGGACCAATA-1,2,2
CCAGCTACGCCTCATA-1,1,5
CCAGCTCGAACGCATT-1,2,2
CCAGCTGATGGTACTT-1,2,2
CCAGCTTCCGCCCGCA-1,1,2
CCAGGGACGTGGCCTC-1,5,4
CCAGTAGTCTGATCCA-1,1,5
CCAGTCAAATCTCTTA-1,2,2
CCAGTCCATTATTCGA-1,2,2
CCAGTCTAGACGGCGC-1,4,1
CCAGTCTTGTCATAGA-1,2,2
CCATAAACAACCCGAC-1,1,5
CCATACCTTTACTTGT-1,1,5
CCATAGGTTGGCGTGG-1,1,5
CCATAGTCAGTAACCC-1,1,5
CCATATGGAAACTATA-1,1,5
CCATATTGGATCATGA-1,2,2
CCATCCATACCAAGTC-1,1,5
CCATCGCAGTTAAACT-1,2,2
CCATCTCACCAGTGAA-1,3,6
CCATCTTGTTCACAAT-1,1,5
CCATGCCCTAGATTTC-1,3,4
CCATGCCTGTTTAGTA-1,2,2
CCATGCTCTGCAGGAA-1,5,4
CCATGGCCCTTGTACC-1,2,2
CCATGTTCATCTATAT-1,7,7
CCATTAGCGATAATCC-1,2,2
CCATTCCCTGCCCACA-1,2,2
CCATTTCTACCTATTA-1,2,2
CCCAAACATGCTGCTC-1,5,4
CCCAACATACGTCGCG-1,6,3
CCCAACCACACTAACA-1,1,5
CCCAAGAATGCACGGT-1,1,5
CCCAAGACAGAGTATG-1,1,5
CCCAATGAGATTTGCA-1,7,7
CCCAATTTCACAACTT-1,2,2
CCCAGAGGAGGGCGTA-1,1,5
CCCAGGTCTGAAGGCT-1,1,5
CCCAGTAAACTTGGGA-1,6,3
CCCAGTTAAGGCGCCG-1,5,4
CCCATATAGGTCGATT-1,2,2
CCCGAAGTTTCGCGAA-1,2,2
CCCGACCATAGTCCGC-1,5,5
CCCGAGTTTCTCCGTA-1,1,5
CCCGCAGCGCGAACTA-1,2,2
CCCGCAGGGCCCAAAG-1,1,5
CCCGCCATGCTCCCGT-1,1,5
CCCGCGCAATGCACCC-1,1,5
CCCGCTAGAGGGTTAA-1,4,1
CCCGGCACGTGTCAGG-1,2,2
CCCGGGTCGTTCAGGG-1,2,2
CCCGGTGGAAGAACCT-1,1,5
CCCGGTGTATCGGAAT-1,6,7
CCCGTAAGTCTAGGCC-1,2,2
CCCGTAGCTGGGAAGA-1,7,7
CCCGTCAGCGTCTGAC-1,5,4
CCCGTTTCGCAGATGT-1,1,5
CCCTAGTGTCAGGTGT-1,2,2
CCCTATGTAGAGCAGA-1,7,7
CCCTCATTCTGGAATT-1,1,5
CCCTCCTCGCTCGTAT-1,1,5
CCCTCGGGAGCCTTGT-1,1,5
CCCTGAAATGAGTTGA-1,2,2
CCCTGACTAACAAATT-1,2,2
CCCTGATGTAACTCGT-1,1,5
CCCTGCCCAATCCGCT-1,2,2
CCCTGCGCTACGCATA-1,2,2
CCCTGGTATGGGCGGC-1,1,5
CCCTGTTGGCAAAGAC-1,2,2
CCCTTCTCGTACGCGA-1,1,5
CCCTTTAATGGAGTTC-1,1,5
CCCTTTGACAGGTCTT-1,6,3
CCGAAAGTGGTGAGCA-1,1,5
CCGAACACTGGGCCTC-1,2,2
CCGAACCTTCCCGGCC-1,5,4
CCGAAGTATATTGTTC-1,1,5
CCGACAAACACATGAG-1,1,5
CCGACAAAGGGAGTGC-1,2,2
CCGACAATAGGCCGCC-1,1,5
CCGACGGGCATGAGGT-1,7,7
CCGACGTAAACACAAC-1,1,5
CCGACTCGCATAGTCT-1,1,5
CCGAGAAGTCGCATAA-1,3,6
CCGAGCTGTGCTTGTC-1,3,5
CCGAGGGATGTTAGGC-1,1,5
CCGATCTCAACCTTAT-1,1,5
CCGATTCGAGGGACCC-1,2,2
CCGATTGGTCAATGAA-1,1,5
CCGCACAAAGACCAAC-1,5,4
CCGCACGTGACCTCGG-1,2,2
CCGCATGTGGTACGAT-1,2,2
CCGCCACCACAATCCA-1,1,5
CCGCCGGAACTTCTCG-1,6,3
CCGCCGGTCAACACAC-1,1,5
CCGCCGTTGAGGATAA-1,3,6
CCGCCTGCGAATTGGT-1,1,5
CCGCGATTTGGTAGGT-1,6,2
CCGCGGAATGCGTCAC-1,7,7
CCGCGGGTACGAAGAA-1,2,2
CCGCGTAGGTAAGGGC-1,2,2
CCGCTATCAGCACCAG-1,2,2
CCGCTCTTCCGAACTA-1,1,5
CCGCTGGTGCCATTCA-1,1,5
CCGCTTACCTCACTCT-1,6,3
CCGCTTCGCGGTTAAC-1,2,5
CCGCTTGCTGACATGG-1,1,5
CCGGAATGGTTTCAGT-1,2,2
CCGGAGCGTACTTTCT-1,2,2
CCGGCACGACCGTTTC-1,1,5
CCGGCGCATATTGGAT-1,1,5
CCGGCGTGAGACTCTG-1,2,2
CCGGGACCCGCAGAGA-1,1,5
CCGGGCGGTCTCGTCA-1,5,4
CCGGGCTAAGAATTTC-1,6,3
CCGGGCTGCTCCATAC-1,5,4
CCGGGTTCGAGGTTAC-1,2,2
CCGGTAATGGCTAGTC-1,1,5
CCGGTTTGTAATTGTG-1,7,7
CCGTAAGTTGGTCCCA-1,5,4
CCGTACCCAAGCGCCA-1,1,5
CCGTAGGAAATCCCTG-1,5,4
CCGTAGGGTTGTTTAC-1,1,5
CCGTATCTCGTCGTAG-1,7,7
CCGTATTAGCGCAGTT-1,3,5
CCGTCAACCTCTGGCG-1,7,7
CCGTGCCCATGACGGC-1,1,5
CCGTGGAACGATCCAA-1,1,5
CCGTGTTAAATTCCAT-1,6,3
CCGTTACGTTAGAACA-1,1,5
CCGTTCCGAATCTCGG-1,2,2
CCTAAACAGGGTCCGT-1,4,1
CCTAAAGGCTGACGCT-1,1,5
CCTAAATTAACGGTTC-1,2,2
CCTAAATTGTATCCTA-1,1,5
CCTAACCCAAACAAGT-1,5,4
CCTAACTAAGGCTCTA-1,1,5
CCTAAGTGTCTAACCG-1,2,2
CCTACAAGTCCGGAAT-1,1,5
CCTACATTCACAGACG-1,7,7
CCTACGCGACCTTACA-1,1,5
CCTACGGCTCAGTCGA-1,1,5
CCTACTGCTTACACTT-1,2,2
CCTAGGCGTAGCGATC-1,5,4
CCTAGGTAAAGGTAGC-1,6,3
CCTAGTTAGTCGCATG-1,1,5
CCTATAATGAGTGCCC-1,5,4
CCTATACCGTCCTGTC-1,7,7
CCTATATCGTGTCACG-1,7,7
CCTATATTTGTCCTGG-1,6,3
CCTATCTATATCGGAA-1,3,5
CCTATGAAGTGGTGCC-1,1,5
CCTATGGCTCCTAGTG-1,7,7
CCTATGGGTTACCGTC-1,2,5
CCTATGGTCAAAGCTG-1,2,2
CCTATGTCCACTCCAC-1,5,4
CCTCACCAATCTTGAC-1,1,5
CCTCACCTGAGGGAGC-1,1,5
CCTCACCTTAGCATCG-1,1,5
CCTCATGCAGCTACGA-1,1,5
CCTCCCGACAATCCCT-1,1,5
CCTCCGACAATTCAAG-1,2,2
CCTCCTAGCTAGAGTC-1,7,7
CCTCCTGTTGTGTCGT-1,1,5
CCTCGAAGTGGACGGG-1,1,5
CCTCGACCCACTGCCT-1,4,1
CCTCGCCAGCAAATTA-1,5,5
CCTCGCGCGATATAGG-1,1,5
CCTCGCGCTGTGCGAT-1,2,2
CCTCGGACCGGGATAG-1,5,4
CCTCGGATGCTACCTG-1,2,5
CCTCGGTTTCCTTGCC-1,6,3
CCTCTAATCTGCCAAG-1,3,5
CCTCTACAAGGATTGG-1,7,7
CCTCTATCGATTAGCA-1,7,7
CCTCTCTCCCATCTAG-1,2,2
CCTCTGGCCTAGACGG-1,3,5
CCTCTGTACTATTCTA-1,3,6
CCTGAACGATATATTC-1,3,4
CCTGAATATTTACATA-1,3,6
CCTGACCACCGATGGT-1,2,2
CCTGACGCAACCTTTA-1,1,5
CCTGCGTTCTACGCTT-1,2,2
CCTGCTATTTGAGAAG-1,5,4
CCTGGAAACGTTCTGC-1,1,5
CCTGGCTAGACCCGCC-1,2,2
CCTGGTCGAATGTGGG-1,2,2
CCTGTAAGACATGATA-1,2,2
CCTGTACTCACGCCCA-1,2,2
CCTGTCACCCGGGCTC-1,2,6
CCTGTCCCTCACGTTA-1,4,5
CCTGTCGCCCGTAAAT-1,2,2
CCTGTGCATAGGAGAC-1,2,2
CCTGTGCGGATTGTAA-1,1,5
CCTGTTTGAAGACACG-1,5,4
CCTTCAGTTAAAGTGA-1,7,3
CCTTCGTATAGAATCC-1,6,3
CCTTCTCAGCGTTCCT-1,2,2
CCTTCTTGATCCAGTG-1,5,5
CCTTGACCACTTTATT-1,1,5
CCTTTAAGGGAGCACT-1,6,3
CCTTTCAATGAAGAAA-1,1,5
CCTTTGAATTATGGCT-1,7,7
CGAAACATAGATGGCA-1,1,5
CGAAACGCAATTCATG-1,2,2
CGAACAGTATGGGCGT-1,1,5
CGAACCCGCATGCGTC-1,6,3
CGAACGCCCAGTGCCG-1,1,5
CGAACGGCCGGACAAC-1,6,3
CGAAGACTGCCCGGGA-1,2,2
CGAAGCTATAAATTCA-1,1,5
CGAAGGGTTTCAGATT-1,7,7
CGAAGTTGCTCTGTGT-1,2,2
CGAATCTGCTCGACGC-1,7,7
CGAATGAAGTCATTGC-1,7,7
CGAATGACGCATAATG-1,2,2
CGAATTACATGGTGTT-1,1,5
CGACAATTTGATCTAA-1,1,5
CGACACGCTCCGACAG-1,1,5
CGACAGTTCGCGTTAT-1,2,2
CGACATGCGATCTTCT-1,1,5
CGACCCTTAACGCCGG-1,6,3
CGACGCATCCGTACCT-1,6,3
CGACTCAGGATGTTAT-1,1,5
CGACTTTGTATAGCCT-1,1,5
CGAGACCCTAGAGTGT-1,2,2
CGAGAGATGTGAACCT-1,1,5
CGAGAGCGCGTAGATA-1,2,2
CGAGAGCTTTCACTAC-1,5,4
CGAGAGGGTAGCCGCG-1,1,5
CGAGATGTTGCCTATA-1,1,5
CGAGATTTCGCTCGGG-1,1,5
CGAGCACTTCAAGTTT-1,1,5
CGAGCGTTGATCAGCC-1,1,5
CGAGCTGGGCTTTAGG-1,1,5
CGAGGCCAGGCATTGG-1,1,5
CGAGGCTAAATATGGC-1,1,5
CGAGGGACTGCGGTCG-1,5,4
CGAGGGTATCCAGGTG-1,2,2
CGAGTACTAAAGAGGA-1,6,3
CGAGTGAAGGTACCAG-1,7,7
CGAGTGCTATAGTTCG-1,1,5
CGAGTTCTGTCCCACC-1,5,4
CGAGTTTATCGGACTG-1,1,5
CGATAATACTCAGGTT-1,1,6
CGATACCTCGCGGACA-1,6,3
CGATAGCGATACAGTG-1,7,7
CGATAGTCGTACTGCA-1,5,4
CGATATTAGCCGCAGG-1,1,5
CGATCCGACCCAGTGC-1,2,2
CGATCCTCGCAACATA-1,7,7
CGATCTGTTGGAGGAC-1,7,3
CGATGGACCCTACGCC-1,1,5
CGATGTTGTTATCTAC-1,7,7
CGATTAAATATCTCCT-1,2,2
CGATTCGCCTGGCTGC-1,2,2
CGCAAACACGAGTTAC-1,2,2
CGCAATTACTTTCGGT-1,1,5
CGCAATTAGGGTAATA-1,2,2
CGCAATTCTACAATAA-1,2,2
CGCACATGTCCACTAC-1,5,4
CGCACGTCTGTTTATG-1,7,7
CGCACGTGCGCTATCA-1,3,6
CGCAGAAACATTTGCG-1,1,5
CGCAGATCTTCACCCG-1,1,5
CGCAGGCGATCCAAAC-1,1,5
CGCATCATGGCTTCAG-1,1,5
CGCATGGTGCGATGCT-1,2,2
CGCATTAGCTAATAGG-1,5,4
CGCCAAGAAGCCGAGT-1,2,2
CGCCACAGGTCGCGAT-1,6,3
CGCCACCCGCATTAAC-1,2,2
CGCCATCCGATTATGA-1,1,5
CGCCCAGCACGCCTAG-1,6,3
CGCCCAGCGTTTCACG-1,5,4
CGCCCGCTTCCGTACA-1,3,5
CGCCCTAATTGTTCAA-1,7,7
CGCCCTTACATCCACC-1,1,5
CGCCCTTGAAGGCTGA-1,1,5
CGCCGCCCATGCCTGT-1,5,4
CGCCGCGTTCTGAACG-1,6,3
CGCCGTTCAGCATAGT-1,1,5
CGCCTCCCTCCTCTAT-1,5,4
CGCCTGGCCTACGTAA-1,2,2
CGCCTTTAGCATGCTC-1,3,6
CGCGAAGTGGCATACT-1,1,5
CGCGACCGCGACAGAT-1,5,4
CGCGAGAGGGACTTGT-1,1,5
CGCGAGTCTGCCGGGT-1,7,7
CGCGCAAATGTCCAGA-1,7,7
CGCGCAAGGAACTACA-1,2,2
CGCGCATGTTTGATTG-1,6,3
CGCGCCCGACTTAATA-1,5,5
CGCGGCAGTATTACGG-1,2,2
CGCGGCTCAACTTGAA-1,3,6
CGCGGGAATTAGGCAG-1,5,5
CGCGGTCACAAACCAA-1,1,5
CGCGTCATATTAAACC-1,4,1
CGCGTGCTATCAACGA-1,1,5
CGCGTTCATGAAATAC-1,5,4
CGCTACGGGACATTTA-1,2,2
CGCTAGAGACCGCTGC-1,3,6
CGCTATACCGCCCACT-1,1,5
CGCTATTCAATGTATG-1,1,5
CGCTATTCTTAGGCTC-1,2,2
CGCTCGACATAATGAT-1,5,4
CGCTCTCCGTAGATTA-1,2,2
CGCTGAGGACGTCCAA-1,1,5
CGCTGGTGACTACCCT-1,1,5
CGCTGTGACGCCGCAC-1,5,4
CGCTGTGTGGATGTTG-1,7,7
CGCTTAGTATTGATAC-1,6,3
CGCTTATTCCCGGTCG-1,2,2
CGCTTCCACTGAAATC-1,1,5
CGCTTCGGTCTAAGAC-1,2,2
CGCTTTCATACCGGTG-1,1,5
CGCTTTCTTGCATTCG-1,5,4
CGGAAAGAATCAAACG-1,6,3
CGGAAATTTCACATCC-1,1,5
CGGAACGTAAACATAG-1,7,7
CGGAGCAATTTAATCG-1,2,2
CGGAGCATGGCGATCC-1,2,2
CGGAGCTTATAACACC-1,1,5
CGGAGTTTGAGAGACA-1,2,2
CGGATAAGCGGACATG-1,1,5
CGGATCCTCAAGGACT-1,5,4
CGGCAAACATCGTGCG-1,2,2
CGGCAATAAGATCGCC-1,1,5
CGGCACCGTTAGCGCC-1,1,5
CGGCACTCAAGAAAGT-1,1,5
CGGCAGGGTCGGGTTG-1,3,5
CGGCCACGCACAAAGT-1,2,2
CGGCCAGAGCGACCAT-1,6,3
CGGCCCAACCTGTAGT-1,1,5
CGGCCCAGGTATATCC-1,3,5
CGGCGCCATCAATCCC-1,5,4
CGGCTCTAAAGCTGCA-1,3,6
CGGCTCTTCGTCGAAC-1,1,5
CGGCTGCAAGATTAAG-1,1,5
CGGCTTTGTATGATAA-1,1,5
CGGGAATATAGTATAC-1,1,5
CGGGAATTTATGTAAA-1,2,2
CGGGAGCTTCAGTGTA-1,5,4
CGGGAGTATACCGCCG-1,1,5
CGGGATCAATGTAAGA-1,5,4
CGGGCAGCTAAACCGC-1,2,2
CGGGCCATAGCCGCAC-1,1,5
CGGGCCTTCTTTGTAA-1,6,3
CGGGTGTACCCATTTA-1,5,4
CGGGTTCGGCACGTAT-1,2,5
CGGGTTGTAGCTTTGG-1,2,2
CGGGTTTGTTAGGGCT-1,1,5
CGGTACTAGAATCAAA-1,5,4
CGGTAGAGGTGCAGGT-1,1,5
CGGTATAGGTATTAGC-1,1,5
CGGTCAAGTGGGAACC-1,5,5
CGGTCCGTCGCAAGCC-1,6,3
CGGTCTATCAACCCGT-1,3,5
CGGTGAAGACTAAAGT-1,2,2
CGGTGCAGATAGAACG-1,6,2
CGGTGCGCGTTGGTCC-1,7,7
CGGTGGGCTCCAGCCT-1,1,5
CGGTGTACTTGATCCC-1,1,5
CGGTTATCCAACAGTG-1,1,5
CGGTTCAAGTAGGTGT-1,1,5
CGGTTCCGGCTTCTTG-1,1,5
CGGTTGACCTGGCATA-1,2,2
CGGTTGAGTATCCTTC-1,7,7
CGGTTGGGTTCAAGTT-1,1,5
CGGTTTATGAAGGAAC-1,1,5
CGTAAACGCTTGAGTG-1,2,2
CGTAACTTCGACACTT-1,6,3
CGTACCTGATAGGCCT-1,3,6
CGTAGAGAGTAATTAT-1,5,4
CGTAGCGAATTGTCAG-1,1,5
CGTAGCGCCGACGTTG-1,1,5
CGTATTAAGAGATCTA-1,2,2
CGTCAAGGCTATAAAT-1,1,5
CGTCAATCTTTAACAT-1,2,2
CGTCACGTCCATTGGT-1,6,3
CGTCAGTGCGCACAAG-1,1,5
CGTCAGTTTATCGTCT-1,1,5
CGTCATACCATATCCA-1,1,5
CGTCGCATGTGAGCCA-1,3,4
CGTCGCGGCGGGATTT-1,2,2
CGTCGCTTGGTTATAC-1,7,7
CGTCGGATAGTGTTGA-1,1,5
CGTCGGGTCTAAGCGC-1,7,7
CGTCGTCCTTCGCGAA-1,2,2
CGTCTGGAAGGGCCCG-1,1,5
CGTGAAGTTAATTCAC-1,6,3
CGTGACATTGGGTCGT-1,1,5
CGTGACCAGTCCTCTG-1,2,2
CGTGCAGACTGGGACA-1,5,4
CGTGCATTGTCGACGC-1,2,2
CGTGCCCGACATTTGT-1,1,1
CGTGCCCTCCCGAAGA-1,5,4
CGTGCTTCTACCTAAA-1,7,7
CGTGGCCGAATATCTA-1,1,5
CGTGGTACCCAAAGGC-1,7,7
CGTGTATGGGAGCTGA-1,2,2
CGTGTCCCATTCGCGA-1,2,2
CGTGTCTCGTTACGAC-1,7,7
CGTGTGTTAAACCCTG-1,3,6
CGTTAAACTAGTTAGG-1,1,5
CGTTAATGTCCCGACG-1,5,4
CGTTAGCTCACAACTG-1,1,5
CGTTCAGACCCGCGAA-1,2,2
CGTTCATGGTGCGCGT-1,6,3
CGTTCTTCGCACACCT-1,1,5
CGTTGAATACCGCGCT-1,5,2
CGTTGAGCGACCGTCG-1,5,4
CGTTGAGTAATTGCGT-1,1,5
CGTTGCCCGCGTGGGA-1,6,3
CGTTGTAAACGTCAGG-1,1,5
CGTTGTAAGATTGATT-1,1,5
CGTTGTCGGCAATTGA-1,2,2
CGTTGTTTCAATTCCC-1,2,2
CGTTTAAGCGGAGCAC-1,1,5
CGTTTCACTTCGGGCG-1,1,5
CGTTTCGCTCATTACA-1,2,2
CGTTTGTGTAGAGGGT-1,7,7
CTAAACGGGTGTAATC-1,1,5
CTAAAGAATGCCTACT-1,2,2
CTAAAGGGAAATAGGA-1,2,2
CTAAAGTCCGAAGCTA-1,2,2
CTAAATCCGGTGTACA-1,7,7
CTAAATCCTATTCCGG-1,5,4
CTAACCGCGCGCCCGT-1,2,2
CTAACGAAACTTGCTG-1,1,5
CTAACTGATAATCGCC-1,1,5
CTAACTGGTCCGGTTC-1,7,7
CTAAGGGAATGATTGG-1,5,4
CTAAGTACAGGGCTAC-1,1,5
CTAATTCGCACGCGCT-1,2,2
CTAATTCTCAGATATT-1,1,5
CTAATTTCAACAACAC-1,1,5
CTACAAGAAATAACCC-1,7,7
CTACACTAGCTTGTTC-1,2,2
CTACACTCGCAGATGG-1,3,5
CTACATATCGCGGGAC-1,7,7
CTACCCTAAGGTCATA-1,5,4
CTACGAACTAGGTCGA-1,1,5
CTACGACTAGCTATAA-1,2,2
CTACGATCCTATCCTA-1,7,7
CTACGCACGGAGTACC-1,2,2
CTACGCCATTTCCGAT-1,1,5
CTACGTGTTGCCACCA-1,2,2
CTACTATCATAGGTTT-1,7,7
CTACTATCTTTCAGAG-1,1,5
CTACTCAAGGTATAGT-1,7,7
CTACTCTAGGCCCGGC-1,2,2
CTACTGCCACCTGACC-1,4,6
CTAGACATATATGTAG-1,2,5
CTAGACTGCATTTCGT-1,1,5
CTAGATAAACTCCTCG-1,2,2
CTAGATGTGAGTGTAA-1,1,5
CTAGATTTACGACGGC-1,5,4
CTAGCAACTAATTTAC-1,2,5
CTAGCATAGTATAATG-1,2,2
CTAGCCGATGTTATGA-1,1,5
CTAGGCGCCCTATCAG-1,5,4
CTAGGCGGCAGAGAAT-1,2,2
CTAGGGATAGGGACAA-1,6,3
CTAGGTCTGAAGGAAT-1,1,5
CTAGGTTCGGACGTGA-1,2,2
CTAGTAGAAAGGGATT-1,5,4
CTAGTATTCGGAATTA-1,1,5
CTAGTCACGTCTTAAG-1,2,2
CTAGTGAAGGACAGGA-1,2,2
CTAGTTACAACCCGGT-1,2,2
CTAGTTGGGCCCGGTA-1,3,6
CTATAAGAGCCAATCG-1,1,5
CTATAGGCGTTGATGT-1,7,7
CTATCGACGAAATACA-1,5,4
CTATCGGGTCTCAACA-1,2,2
CTATGCCCGAATGCAA-1,2,2
CTATGGGAAGCGGAAT-1,4,5
CTATGTCACTAGCCCA-1,3,6
CTATGTCTATTGAAAC-1,1,5
CTATGTGAGTCACGGC-1,2,2
CTATTCATGTGTCCCA-1,2,2
CTATTGTGTTTGGTCA-1,1,5
CTATTTGCTTGGAGGA-1,6,3
CTATTTGGTTACGGAT-1,3,4
CTCAAACCACTGCCCG-1,7,7
CTCAACTAACCCGGAT-1,5,4
CTCAAGACATTAGCGC-1,1,5
CTCACATTTACTAAAT-1,2,2
CTCACTGTGATACTTA-1,5,2
CTCACTTGGCTGGTAA-1,2,2
CTCAGGACTCACCTGT-1,1,5
CTCAGTCACGACAAAT-1,1,5
CTCATAAATGTGTATA-1,2,2
CTCATGGCTCACAATC-1,1,5
CTCATGGTAATTTGCG-1,6,3
CTCATTGCTCTAACAA-1,5,4
CTCATTTGATGGGCGG-1,1,5
CTCCCAATGAGTCGCG-1,1,5
CTCCCTCCTTTCGATC-1,7,7
CTCCGCCCACATGAGG-1,6,3
CTCCGGCCTAATATGC-1,1,5
CTCCGGCTTGTAGACA-1,1,5
CTCCTAAGTTATGTCT-1,1,5
CTCCTCCAGCTCACAC-1,2,3
CTCCTGTTCAAGGCAG-1,1,5
CTCCTTTACGCAAGTC-1,1,5
CTCGAATGGAACGTAT-1,1,5
CTCGAGACATACGATA-1,6,3
CTCGAGGTCGAACAGT-1,5,2
CTCGATATTTGCGAGC-1,1,5
CTCGCACCTATATAGT-1,3,6
CTCGCATTGCATAGCC-1,7,7
CTCGCCGAATGTAGGG-1,2,2
CTCGGGCATCGTCGGG-1,1,1
CTCGGGTTCTCTGGCC-1,7,7
CTCGGTACCACTGCTC-1,5,4
CTCGGTCCGTAGCCTG-1,5,5
CTCGGTTGTCGGCCCT-1,7,7
CTCGTCGAGGGCTCAT-1,7,7
CTCGTTACGGCTACCA-1,6,3
CTCGTTTCTAATGTTT-1,1,5
CTCTAATGCATTGATC-1,1,5
CTCTACACTGGCGATT-1,2,2
CTCTAGCCCTCGGAAA-1,5,4
CTCTATTTGGCTGCAG-1,2,4
CTCTCACAATCGATGA-1,5,2
CTCTCGATGTGCGCCT-1,1,5
CTCTCTAACTGCCTAG-1,7,7
CTCTGCGAAGCAAGCA-1,1,5
CTCTGGACGCCTGGTG-1,2,2
CTCTGTGCCTGCTATG-1,2,2
CTCTGTTTGAGGATTC-1,1,5
CTCTTCTATTGACTGG-1,3,6
CTCTTCTGGAAGTTAG-1,7,7
CTCTTGTCCCGCTTGG-1,2,2
CTGAAAGAGATCCGAC-1,5,5
CTGAATCCGAGACCTC-1,6,3
CTGAATTTATTGCCAG-1,1,5
CTGACATAGAAATAGA-1,2,2
CTGACTGCGCAGCTCG-1,1,5
CTGAGAAAGTTCGGCG-1,2,2
CTGAGCAAGTAACAAG-1,1,5
CTGATAGTGTATCTCA-1,2,2
CTGCAAATGGGCTCCA-1,1,1
CTGCAAGCACGTTCCG-1,1,5
CTGCACAACTACATAT-1,2,2
CTGCACCTGGAACCGC-1,1,5
CTGCACTCCAGTACAG-1,2,2
CTGCAGAGAATCAGAG-1,1,5
CTGCCAAGGTTGGAAG-1,5,5
CTGCCATGCATCACAT-1,2,2
CTGCCTAGCCACCAAG-1,1,5
CTGCCTTTAATACCTT-1,7,7
CTGCCTTTCTAGTAAA-1,5,4
CTGCGGGTGAAATGTT-1,2,2
CTGCGGTAGTCACGTG-1,1,5
CTGCGTTACGATATAA-1,1,5
CTGCTGAGGCCACGAA-1,7,7
CTGCTGTCTAACGAGC-1,2,2
CTGCTTGGCGATAGCT-1,2,2
CTGCTTTATGTCCGCG-1,1,5
CTGGAAATGGATGCTT-1,2,2
CTGGAAGACACGGTGG-1,5,4
CTGGACGCAGTCCGGC-1,6,3
CTGGATTTACACTTGA-1,6,3
CTGGCATCCGAATGAG-1,6,3
CTGGCGACATAAGTCC-1,3,5
CTGGCGATTTACATGT-1,2,2
CTGGCGCACAGGTCTG-1,5,4
CTGGCGGGAATAAGTA-1,1,5
CTGGCTCCTGCGGGAT-1,2,2
CTGGCTGATTCATCCT-1,1,5
CTGGCTGCTAACGTAA-1,2,2
CTGGCTGGTTGTCAGT-1,2,2
CTGGGATAAATAATGG-1,5,4
CTGGGATACGCTACCC-1,2,5
CTGGGATCGCCCAGAT-1,1,1
CTGGGCACTAGTCGGA-1,1,5
CTGGGCCTGCTATATC-1,6,3
CTGGGCGGCCAAATGT-1,4,1
CTGGGTAGGCAGTTAA-1,5,4
CTGGGTTGAGTTAAAG-1,6,3
CTGGTAAAGTGTGGGC-1,1,5
CTGGTAACACATAGAA-1,5,4
CTGGTAACGAGCTCTT-1,1,5
CTGGTCATTCCAATCC-1,1,5
CTGGTCCTAACTTGGC-1,1,5
CTGGTGAATGGGCCTA-1,7,7
CTGGTTCAACGCATCA-1,1,5
CTGGTTTCGAGCAAGA-1,5,4
CTGTACTTCTTAGCAT-1,2,2
CTGTAGCCATCTCACT-1,7,7
CTGTAGTGAGGATCGA-1,6,3
CTGTATGGTGTAGAAA-1,1,5
CTGTCAAATGGCTCGG-1,1,5
CTGTCACGCCAGGCGC-1,1,5
CTGTGCAGGGTAGGTC-1,2,4
CTGTGGTCGGGAGATA-1,5,4
CTGTTACCCAATCTAG-1,6,3
CTGTTCACTGCCTGTG-1,5,4
CTGTTCATCTCACGGG-1,1,5
CTGTTGTTCAGTCGTA-1,7,7
CTTAACTTCGAAGTAC-1,1,5
CTTACACGGTATTCCA-1,2,2
CTTACACTGGGAAATA-1,1,5
CTTAGCCTTCCACATG-1,3,5
CTTAGGTATAGACCAG-1,7,7
CTTAGTAGGCCTACAG-1,1,5
CTTAGTGTAGTAGCAT-1,5,4
CTTAGTTGAGGAATCG-1,7,7
CTTATGCGCTCAGGGC-1,2,2
CTTATGTTGACTACCA-1,1,5
CTTCAACTCCACTTGG-1,5,4
CTTCAGTGGTCGCCTA-1,6,7
CTTCATAGCTCAAGAA-1,1,5
CTTCATTGTCAGTGGA-1,2,2
CTTCCGCTCCGTGAAG-1,6,3
CTTCCTGCATATTTAC-1,2,5
CTTCGGCCAATTGTTT-1,1,5
CTTCGTAGATAGGTGA-1,6,3
CTTCGTGCCCGCATCG-1,1,2
CTTCTATGTTGAAGTA-1,6,3
CTTCTATTAATGCTAG-1,7,7
CTTCTGGGCGTACCTA-1,7,7
CTTCTTACGTCGTATA-1,1,5
CTTGACCCGAAAGATA-1,1,5
CTTGAGGTTATCCCGA-1,1,5
CTTGAGTTAGGGTAAT-1,3,6
CTTGCAACCGCCTCCT-1,2,2
CTTGCCCAGGCTCTAC-1,6,3
CTTGGCCAAGCTGGGA-1,2,2
CTTGTACTTGTTGACT-1,5,4
CTTGTCAACATTCGAG-1,2,2
CTTGTCGTACGTGTCA-1,1,5
CTTGTGAGGACAGCGG-1,2,2
CTTGTGAGTCTTTGAC-1,1,5
CTTGTGCTCACCGATT-1,1,5
CTTGTTGCTGAGTCAA-1,5,4
CTTGTTTATGTAGCCA-1,1,5
CTTTAACTTTCAAAGG-1,3,6
CTTTAATATTGGTCGA-1,2,2
CTTTACCGAATAGTAG-1,5,4
CTTTAGGAACACTGTT-1,5,4
CTTTAGTGCTATTATT-1,2,2
CTTTCTGTGCGGGCTT-1,2,2
CTTTGAAACATATTCC-1,1,5
CTTTGCATCGCTCTTG-1,5,4
CTTTGGCGCTTTATAC-1,2,2
CTTTGGCTTTAGTAAA-1,2,2
CTTTGGGATTGTTGCA-1,7,7
CTTTGTCGAATGCTCC-1,7,7
GAAACAGATGACCACC-1,5,6
GAAACAGCCATGCAGT-1,1,5
GAAACATAGGAAACAG-1,7,7
GAAACCATGGTGCGCT-1,1,5
GAAACCGAATTACCTT-1,6,3
GAAACCTATACAAATG-1,6,3
GAAACTCGTGCGATGC-1,2,2
GAAACTCTAATGAAGG-1,1,5
GAAAGAACAGCGTTAT-1,1,5
GAAAGCAGTGCACTTT-1,6,3
GAAAGCCCTTTGGACC-1,2,2
GAAAGTGACTAACTGC-1,2,2
GAAATACCTGCTGGCT-1,1,5
GAAATACTAAACGTTT-1,1,5
GAAATATCACCATCAG-1,2,2
GAAATATGCTTGAATG-1,1,5
GAAATCGCGCGCAACT-1,1,5
GAAATGGCGGTGTTAG-1,2,2
GAAATGGGATGTAAAC-1,2,2
GAAATTAGCACGGATA-1,1,5
GAAATTCACATCGCTG-1,1,5
GAAATTGTCTCTATAA-1,6,3
GAACAACTGGGATGAA-1,5,4
GAACACACATCAACCA-1,5,4
GAACAGATTACTAAAT-1,2,2
GAACCATCTGGGAGAC-1,1,5
GAACCCTCTGTGTTCT-1,2,2
GAACCTCGACCTACAC-1,2,2
GAACCTTTAACGATCC-1,5,4
GAACGACCGAATGATA-1,1,5
GAACGCGGGTCACACG-1,1,5
GAACGTCTCATGGTCG-1,5,4
GAACGTTAGGAAGACG-1,2,2
GAACTGTGGAGAGACA-1,2,2
GAACTTAGCGCCCGGT-1,1,5
GAAGAAACGATATTGT-1,7,7
GAAGAACGGTGCAGGT-1,1,5
GAAGACTTCAATGCCG-1,1,1
GAAGCAAGGCAATGTT-1,2,1
GAAGCCACTGATTATG-1,3,6
GAAGCCTGCACATTCC-1,2,2
GAAGCGTGAGGAATTT-1,2,2
GAAGCTCGGACCCGTC-1,7,7
GAAGCTTGCTGACCGC-1,2,2
GAAGGACTAAATTGAA-1,2,2
GAAGGAGTCGAGTGCG-1,2,2
GAAGGGCATAACCATG-1,2,2
GAAGTCAGTTGCACTA-1,2,2
GAAGTCTCCCTAGCGA-1,5,4
GAAGTGATTTATCGTG-1,6,3
GAAGTGCTGGATAGCT-1,1,5
GAAGTTTCCACTCAAT-1,2,2
GAATAGACGCGACCCA-1,1,5
GAATAGCATTTAGGGT-1,3,5
GAATAGCCCTGCGGTC-1,3,5
GAATAGTGCTCGATTA-1,7,7
GAATATTCGGAGTCCC-1,1,5
GAATCGACATGGTCAC-1,5,4
GAATCGCCGGACACGG-1,1,5
GAATCTATACTCGGAC-1,4,1
GAATCTGAACATTCTC-1,2,2
GAATGCCGAAATGACC-1,1,5
GAATGCGAATCGGTTC-1,2,2
GAATGTATGGCAGGTC-1,1,5
GAATGTGGTCCGGATT-1,5,4
GAATGTTGGGTAATCT-1,3,6
GAATTATAGTGAAAGG-1,2,2
GAATTCACCCGGGTGT-1,7,3
GAATTTCTCGCTGCAG-1,2,2
GACAAACATATGCAGG-1,3,6
GACAACGACCATTGAA-1,5,5
GACAACGCAGCTTACG-1,5,4
GACAAGAGATGAGATT-1,1,5
GACACAAGGGAAGAAA-1,1,5
GACACGAGTTAGAGGA-1,1,5
GACACTGAGTTCAGTG-1,6,3
GACACTGGAACCCGAT-1,1,5
GACAGATTTCTGGCTC-1,2,2
GACAGCCAGACCTGAC-1,5,4
GACAGGCACACACTAT-1,2,2
GACATCCGTCGAACTG-1,3,2
GACATCGATTTATAAC-1,7,7
GACCAAACGTTGACTG-1,1,5
GACCAGAGCCCTGTAG-1,2,2
GACCAGGTCATTCATA-1,1,1
GACCCAATTATGATAC-1,7,7
GACCCGTCGCCGGCTA-1,1,5
GACCGACGTGAAAGCA-1,1,5
GACCGACTGAAGCGTC-1,2,2
GACCGATTAAATATGT-1,7,7
GACCGCGTCTGACGTG-1,1,5
GACCGTCAGGTCGTGA-1,1,5
GACCGTGCTGACGGTG-1,6,3
GACCTTCCACGTCTAC-1,2,2
GACGACGATCCGCGTT-1,2,4
GACGAGGCTAATAAAC-1,3,6
GACGCATACCCGTCGG-1,7,7
GACGCCGTAAAGGCTA-1,6,3
GACGCCTGTTGCAGGG-1,1,5
GACGCTTGCTTCTAAA-1,2,2
GACGGACCGCGTTCCT-1,1,5
GACGGGATGTCTTATG-1,1,5
GACGGGTTGGCCCGTA-1,6,3
GACGGTCAATAGAAGC-1,1,5
GACGTGAGACTCCATG-1,1,5
GACGTGTAGGGATTAT-1,2,2
GACTAACACAGCACCT-1,1,5
GACTAAGATCATGCAC-1,5,4
GACTAAGTAGGCTCAC-1,5,2
GACTACAAAGCGGTGG-1,7,7
GACTACAATTGCTCGT-1,1,5
GACTAGGCCGTTAGGT-1,3,4
GACTCACCCACGTGAG-1,1,5
GACTCCCAGAATAAGG-1,1,5
GACTCCTTCCAATTGA-1,7,7
GACTCGCGGGAATGAC-1,1,5
GACTCGGTCGGCGGAT-1,1,5
GACTGATTGGTCACAA-1,1,5
GACTGCAAATCGAGCT-1,5,2
GACTGCACCAGCCCAG-1,5,4
GACTGCGGCACGTGTA-1,1,5
GACTGCTGGTGAGAAA-1,7,7
GACTGGGCGCCGCAAC-1,1,5
GAGACTGATGGGTAGA-1,5,2
GAGACTTCGCGACCGA-1,2,2
GAGAGGGCGCGAGGTT-1,2,2
GAGAGGTGCATTCTGG-1,6,3
GAGAGTCTCGGGAGAG-1,6,3
GAGATCTGCTTGGCAT-1,2,2
GAGATCTGTCACTCCG-1,5,5
GAGATCTTCCATGACA-1,5,4
GAGATGGGAGTCGACA-1,2,2
GAGCACCTGTGTCCAG-1,5,4
GAGCATCAACAACTTG-1,7,7
GAGCATCATCCCTGGG-1,1,5
GAGCCACGGTAGTAGG-1,1,5
GAGCCAGCTACCTGTG-1,5,4
GAGCCGAGCGTTTATT-1,1,5
GAGCGAGGGAGTACCG-1,1,5
GAGCGCAAATACTCCG-1,1,5
GAGCGCGCACGAGTAG-1,1,5
GAGCGCTATGTCAGGC-1,2,2
GAGCGCTGTTAGGTAA-1,7,7
GAGCGGAATGCGGTGT-1,6,3
GAGCTAAGGGCATATC-1,5,4
GAGCTCTCGGACCTAA-1,4,1
GAGCTGTCGTCTCGGA-1,1,5
GAGGAATGGAGAGGTT-1,2,2
GAGGAGATCCTCATGC-1,2,2
GAGGAGTAATTCCTAC-1,2,2
GAGGATAAACAGTGCT-1,1,5
GAGGCCCGACTCCGCA-1,7,7
GAGGCCTGTTGATACA-1,1,5
GAGGCTATCAAAGTCG-1,2,2
GAGGGAGTCAGATCGC-1,7,7
GAGGGCATCGCGTATC-1,1,5
GAGGGCGCAGCTCTGC-1,5,4
GAGGGTAGTAACAAAG-1,7,7
GAGGTACATCCATCTT-1,1,5
GAGGTACGCGTGTCCC-1,2,2
GAGGTCCCAAAGATCT-1,1,5
GAGGTCTTAGTGGGTC-1,1,5
GAGTAAACCGGAAAGT-1,2,2
GAGTAAGGCCACGGGA-1,6,3
GAGTACGGGTATACAA-1,1,5
GAGTAGATACTAGTTG-1,2,2
GAGTATGCCCGCCTTG-1,7,7
GAGTATGCGCGTGCAT-1,5,2
GAGTCAGACCAGAATC-1,6,3
GAGTCCGCTTACCGGA-1,2,2
GAGTGTCAACCAGAAA-1,5,4
GAGTGTGCGGTACCCA-1,5,4
GAGTTGATGGCAATTT-1,6,7
GAGTTGTCACCAGTCT-1,7,7
GATAAATCGGTGGATG-1,1,5
GATAACTCGCACTGTG-1,5,4
GATAAGGCAGATGCAA-1,1,5
GATACGATGGGAGTCA-1,6,3
GATAGGTAACGTTGAC-1,6,3
GATAGTGCGAGTAAGT-1,7,3
GATATCTCATGCAATA-1,1,5
GATATGAGACACTAAC-1,5,4
GATATGCGGTAGCCAA-1,1,5
GATATGGATTACGCGG-1,1,2
GATATTGAGATTGGCG-1,1,5
GATATTTCCTACATGG-1,1,5
GATCAACATAAAGGGA-1,7,7
GATCATTCCAAACATT-1,2,2
GATCCCTTTATACTGC-1,5,2
GATCCGGGAATTAACA-1,5,4
GATCCTAAATCGGGAC-1,1,5
GATCCTCGACACTGGC-1,7,7
GATCCTCTTGCGCTTA-1,1,5
GATCGACACTATCTGA-1,2,2
GATCGCGGGCTCTCCA-1,2,2
GATCGCTACCCGATTT-1,1,5
GATCGCTATATCTCAG-1,7,7
GATCGGATAGAACCAT-1,2,2
GATCGGCGATAAGTCG-1,1,5
GATCGGTGGCCATAAC-1,3,6
GATCGTGACTGATATC-1,5,4
GATCTCGACGCTGTGG-1,2,2
GATCTGCTATCTAAGG-1,2,2
GATCTTGGAGGGCATA-1,2,4
GATCTTTGCAGGGTAT-1,2,2
GATGACAAGTAGGGCA-1,7,7
GATGACGATGATCGCG-1,4,1
GATGAGGAACCTTCGG-1,2,2
GATGATTTGAAACTGG-1,2,5
GATGCCACACTACAGC-1,1,5
GATGCCAGCAGAAGGC-1,1,5
GATGCCTTCTGCGGCA-1,7,7
GATGCGTCCTGCATTC-1,2,2
GATGCTACAAGCGCCT-1,1,5
GATGCTGTATTTCATC-1,5,4
GATGGCGCACACATTA-1,1,5
GATGGTGCCCTAGGCA-1,1,5
GATGTAACGAACCACC-1,7,7
GATGTCCGGATCACAT-1,1,5
GATGTCGGTCAACTGC-1,1,5
GATGTGTTGTCACAAG-1,1,5
GATGTTCAATCCACGA-1,6,3
GATGTTTGTGCGAGAT-1,1,5
GATTAACCGAAAGCCC-1,5,4
GATTAATCCTGGCTCA-1,2,2
GATTACTGAATTTGGG-1,2,2
GATTCCCTTGTCGCAG-1,3,6
GATTCCGCGTTTCCGT-1,3,5
GATTCCTATACGGCGC-1,1,5
GATTCGACGGTTCACG-1,5,4
GATTGACACTCTGCTC-1,1,5
GATTGCTCCAGTTGCA-1,7,7
GATTGGGAAAGGTTGT-1,2,2
GCAAACCCTACATTAT-1,5,4
GCAAACCTTGGCCATA-1,2,2
GCAAACGTAAGCGACC-1,7,7
GCAAACGTCGCCAGGT-1,3,5
GCAAAGGGCGTTAGCC-1,7,7
GCAAATATTACGCTTT-1,2,2
GCAACACACTAGAACT-1,2,2
GCAACAGCAGTATGCG-1,1,5
GCAACCACCAGACCGG-1,1,5
GCAACCACGGCCGCGT-1,2,2
GCAACGGCTAGTTATG-1,3,6
GCAAGAATTCCTTGGC-1,6,3
GCAAGATGTGTTCGCG-1,1,5
GCAAGTGCACAGAGAA-1,5,4
GCAAGTGTAAAGCATG-1,6,3
GCACAAACCCTAGATG-1,7,7
GCACAAACGAGGCGTG-1,3,6
GCACAACCTCGGGCGT-1,7,7
GCACAAGTGTCGGAAG-1,1,5
GCACACACTGGTAGCC-1,5,4
GCACACGCCCATGGTC-1,2,4
GCACAGCACGGGCCGA-1,6,3
GCACGCCTACTTAGAT-1,7,7
GCACGTGGTTTACTTA-1,1,5
GCACTAGTCGCGCTAT-1,1,5
GCACTGCCTACCTTTA-1,2,2
GCACTGTGCAAATGTA-1,1,5
GCAGACCCAGCACGTA-1,1,5
GCAGATCCATAAGACT-1,5,4
GCAGATCCTCGCAAAT-1,1,5
GCAGATTAGGGATATC-1,2,2
GCAGCACACAGCCCAG-1,2,2
GCAGCCTATATCACAT-1,1,5
GCAGCGGTGGGCATTA-1,1,5
GCAGGAACTTAGATCT-1,6,3
GCAGGACTATAGAATA-1,2,2
GCAGGTAGAGTATGGT-1,1,5
GCAGTGTGGCTATAGG-1,5,4
GCATACGAGGTCTTTA-1,2,4
GCATAGAGCACTCAGG-1,2,2
GCATCCCTAACTTTGA-1,1,5
GCATCGGCCGTGTAGG-1,1,5
GCATGAGGGACGCGGC-1,5,4
GCATTCAAGGCAACGC-1,1,5
GCATTCGAAATGAACA-1,1,5
GCATTGTAATTCATAT-1,2,2
GCATTTCCAAGGCTCC-1,1,5
GCCAACCATTTCCGGA-1,1,5
GCCAAGAATACTTCTG-1,2,2
GCCAATAGGGCATCTC-1,1,5
GCCACAATTTAAGGAC-1,6,3
GCCACTCAGAGCGCGA-1,5,4
GCCAGGAAAGAACACT-1,6,3
GCCAGGAGTAACCGAT-1,1,5
GCCAGGCGTTCGCATG-1,1,5
GCCATATTGCACACAG-1,1,5
GCCATCGAGCTGCGTG-1,7,7
GCCATCGATGCTGCAT-1,1,5
GCCATTAGCCTCAAAC-1,6,3
GCCCACCAAGGCTGTC-1,1,5
GCCCAGTTGGTATGCC-1,1,5
GCCCATGGGTGCAATG-1,1,5
GCCCGACTTCTTCCCG-1,6,3
GCCCGAGAGTCTAAAT-1,7,7
GCCCGATCTGTGGTCG-1,2,2
GCCCGCGCGTAAACGG-1,7,7
GCCCGCGCGTTTGACA-1,1,5
GCCCGTAATACCTTCT-1,5,5
GCCCTAGCCGTCGCGA-1,7,7
GCCCTGAGGATGGGCT-1,2,2
GCCGAAATTCCTACGT-1,2,2
GCCGACCCACGACTGC-1,7,7
GCCGATTGGCCAAGCT-1,2,2
GCCGCATTAGTCCGGC-1,2,4
GCCGCTAGATACGCAG-1,1,5
GCCGCTTGTGAGAAAC-1,2,2
GCCGGAAACACATCTT-1,1,5
GCCGGGTTAGGGTCGC-1,2,2
GCCGGTTTGGGCGGAT-1,1,5
GCCGTCGGTTTCGGGC-1,6,3
GCCGTGGAAGAAATGT-1,1,5
GCCTAGCGATCTGACC-1,1,5
GCCTATAGTGTCAGGG-1,5,4
GCCTATTCCGATATAG-1,2,2
GCCTATTTGCTACACA-1,1,5
GCCTCATCTGGAAATA-1,1,6
GCCTCCGACAATTCAC-1,1,5
GCCTCTATACATAGCA-1,2,2
GCCTGCTACACTGAGA-1,1,5
GCCTTCAGCCCTACCG-1,1,5
GCCTTGTATATGCAGT-1,1,5
GCCTTTGTCAGTGGAC-1,7,7
GCGAAACGATCGGGAG-1,3,6
GCGAAACTTAACTGGA-1,5,4
GCGAAGAATCTGACGG-1,2,2
GCGAAGCCATACCCGT-1,2,2
GCGACATGTAAACATC-1,1,5
GCGACCCAACCATCTG-1,6,7
GCGACGATAGTTGTAC-1,6,3
GCGAGAAACGGGAGTT-1,2,2
GCGAGAGGCCATGTAA-1,3,6
GCGAGAGTTGCGTCCA-1,1,5
GCGAGCGCATGCTCCC-1,1,5
GCGAGGCCCGAGCAGA-1,2,2
GCGAGTTCTGCAAAGA-1,2,2
GCGATTCTGGAAGCAG-1,1,5
GCGATTGTTAACGTTA-1,5,4
GCGCAAATATATTCAA-1,7,7
GCGCAAGAGCGCGCTG-1,3,6
GCGCATCCAGTCAGCA-1,1,5
GCGCCGTTCCACGATA-1,2,2
GCGCCTCCCACTCCGA-1,1,5
GCGCGGTCTAGTAACT-1,6,3
GCGCGTCATTGGTACA-1,5,4
GCGCTAAGTATGCATG-1,1,5
GCGCTAATTGAATAGA-1,2,2
GCGCTATGCCGAGGCA-1,6,3
GCGCTGATCCAGACTC-1,1,5
GCGCTGCTTTGCATTT-1,1,5
GCGCTTAAATAATTGG-1,5,4
GCGGACCGCGTTGTGG-1,7,7
GCGGAGAAACTTCGCA-1,7,7
GCGGAGAGGGAGAACG-1,5,4
GCGGCAAAGTATTGCC-1,7,7
GCGGCTCTGACGTACC-1,2,2
GCGGGAACCAGGCCCT-1,5,5
GCGGGCGAGCCTTACC-1,6,3
GCGGTCCCTAGACGCA-1,1,5
GCGGTGAACTGCGCTC-1,1,5
GCGGTTCCCTATCATG-1,6,3
GCGTAAATGGCCATAA-1,1,5
GCGTCCCTAAGACATA-1,6,7
GCGTCGAAATGTCGGT-1,1,5
GCGTCGCCAGGGTGAT-1,2,2
GCGTCTCTGCATTGGG-1,2,2
GCGTGGTACTGGGTTA-1,1,5
GCGTGTATGTCGTATT-1,1,5
GCGTTATATTTGGAAC-1,1,5
GCGTTCGGAGACCGGG-1,1,5
GCTAAACCTGAGGTGA-1,1,5
GCTAACTGAAGTCTGA-1,5,4
GCTAAGTAAAGGCGAT-1,1,5
GCTAAGTAGTTTCTCT-1,5,4
GCTAATACCGAATGCC-1,5,4
GCTACAATCGAGGATA-1,1,5
GCTACAGTACGGACCG-1,2,2
GCTACGACTTATTGGG-1,2,4
GCTACTATAGTAGAGT-1,1,5
GCTAGACCGTCTACTG-1,1,5
GCTAGAGTAGAGATGT-1,5,4
GCTAGCAGGGAGTGGG-1,3,5
GCTAGCGATAGGTCTT-1,7,7
GCTAGCTTGAATAGCT-1,7,7
GCTAGGCACCACGGAG-1,5,4
GCTAGTAGAGCTTGTA-1,2,2
GCTAGTTTCATTGAGG-1,1,5
GCTATACGTCTCGGAC-1,5,4
GCTATCATACTCATGG-1,5,4
GCTATCGCGGCGCAAC-1,1,5
GCTCAATCCGTTTATT-1,7,7
GCTCAATGTAATACCG-1,2,2
GCTCATTACTGCATGT-1,1,5
GCTCCCAGTCGGTCCA-1,1,5
GCTCCGCTCGCTTCAG-1,1,5
GCTCCGGACGTTGATA-1,2,5
GCTCCTGACATACTGG-1,7,7
GCTCGCGGTTCCGCTC-1,1,5
GCTCGCTCATGTCCAA-1,3,6
GCTCGGAATTTAAAGC-1,1,5
GCTCTAAACCCTGACG-1,5,4
GCTCTATGTTACGTGC-1,5,4
GCTCTCGGGTACCGAA-1,5,4
GCTCTTTCCGCTAGTG-1,6,3
GCTGAATCTTCCAATC-1,7,7
GCTGAGGCGTGAGTAT-1,2,2
GCTGCACGGTTTCTTA-1,5,4
GCTGCTAAGTAGTCGA-1,2,2
GCTGCTACTGCGTAGC-1,2,2
GCTGCTCTCCGGACAC-1,2,2
GCTGGACCCAAAGTGG-1,1,5
GCTGGCATATTCACCT-1,2,2
GCTGGCGGCGCATGCT-1,2,2
GCTGGGTCCGCTGTTA-1,2,2
GCTGGTTTAGGCCATA-1,7,7
GCTGTATTACTGGCCC-1,6,3
GCTGTCTGTGATCGAC-1,1,5
GCTGTTGCTACCGAAC-1,3,6
GCTTAATGTAACTAAC-1,5,4
GCTTACGTAGTTAGTA-1,1,5
GCTTATGAAGCAGGAA-1,5,4
GCTTCCATGTAACCGC-1,2,2
GCTTCCGTCCCTAGAC-1,5,5
GCTTCGACGTTCAATC-1,7,7
GCTTGATGATAATCAG-1,1,5
GCTTGGATCGATTAGG-1,1,5
GCTTTCAGAGGAGGTG-1,3,5
GGAAACCTTGTTGAAT-1,1,5
GGAAACTAAATGGGCC-1,1,5
GGAAAGTGCCCATGCC-1,1,5
GGAACCGTGTAAATTG-1,7,7
GGAACCTTGACTCTGC-1,7,7
GGAACGGCCTGCAGCC-1,1,5
GGAACTTTGGCGATTA-1,1,5
GGAAGCTCGCTTACAG-1,1,5
GGAATAACCTCAAGAA-1,1,5
GGAATGCGCTAGCGTG-1,5,4
GGACACAAGTTTACAC-1,3,6
GGACCAACAGGATAAC-1,2,2
GGACCTACGGTAACGT-1,1,5
GGACCTCTAGGCCGCC-1,7,7
GGACGGCTTGCGCAAC-1,1,5
GGACTCGACAGCGCAT-1,6,3
GGACTCGTGAGTGGTC-1,7,7
GGAGAAGTCATTGGCA-1,5,4
GGAGACCATCTACATA-1,6,3
GGAGACGACACCTTTG-1,2,2
GGAGCAACATTTCAAG-1,1,5
GGAGCACCAAGAACTA-1,5,5
GGAGCGAGGCCTACTT-1,2,2
GGAGGATTGAAAGGAG-1,1,5
GGAGGCCGAAGTCGTC-1,1,5
GGAGGCGAAGAACCGC-1,1,5
GGAGGGCTTGGTTGGC-1,5,4
GGAGGGTCAAGTAAGA-1,2,2
GGAGTGCCGCCCTGGA-1,5,4
GGAGTTGATTCTGTGT-1,2,4
GGATACTCATGAATTG-1,1,5
GGATCAAAGGACGAGG-1,1,5
GGATCATCCCGTACGC-1,1,5
GGATCCCTACCAGCTA-1,2,2
GGATCCGGAATATACT-1,5,4
GGATCTTACTGCCCTT-1,7,7
GGATCTTGACTCAACC-1,6,7
GGATGAAGATCGCTGA-1,1,5
GGATGACGCGAGTTTA-1,2,2
GGATGCTGGCGTTCCT-1,2,2
GGATGTCCTTACCGCA-1,5,4
GGATTAAGCTAAGGTC-1,1,5
GGATTCAGTACGGTGG-1,1,5
GGATTCCGCTATACCC-1,3,5
GGATTGAAGTAGCCTC-1,2,2
GGATTGCTGTGACTCC-1,5,4
GGATTTCACTTCTATA-1,5,4
GGCAAAGGCGCCAATA-1,7,7
GGCAAATTACTTTACT-1,6,3
GGCAAGCCCATAGTGG-1,2,2
GGCAAGGCGAAATAGC-1,2,4
GGCAATAGTCAATGAG-1,1,5
GGCACTCCACTGGGCA-1,2,2
GGCAGCAAACCTATGC-1,1,5
GGCAGCGGTAATCCTA-1,1,5
GGCATACAGGTAGCGG-1,2,2
GGCATATCGGTTCTGC-1,3,5
GGCATCAACGAGCACG-1,1,5
GGCCACAAGCGATGGC-1,1,5
GGCCCTCACCCACTTA-1,2,2
GGCCGAGACTCTGGTG-1,7,7
GGCCGGCGTCTGCTAT-1,3,4
GGCCGTTTGGGTTTCA-1,6,3
GGCCTGCTTCTCCCGA-1,1,5
GGCGAAATCTAACTTG-1,5,4
GGCGAGCATCGAGGAC-1,1,5
GGCGAGCGAAACGGCA-1,6,3
GGCGCAGGACATCTTC-1,2,2
GGCGCATGAATTGATG-1,6,3
GGCGCGGAGATCTTTC-1,5,4
GGCGCGTTCGAGTTTA-1,6,3
GGCGCTCCTCATCAAT-1,1,5
GGCGCTTCATTCCCTG-1,2,2
GGCGGAGTAATATTAG-1,2,2
GGCGGTAGGATCATTG-1,2,2
GGCGGTTTGCCGGTGC-1,1,2
GGCGTACCCTATATAA-1,4,1
GGCGTAGGGAAAGCTG-1,5,4
GGCGTCCTATCCGCTG-1,2,2
GGCTAAAGGGCGGGTC-1,1,5
GGCTACTATACACTCC-1,6,7
GGCTATTAAGTTGTAT-1,2,2
GGCTCCTCCACCTGTT-1,6,7
GGCTCGCGTTGAGGTA-1,5,5
GGCTCGTGCCACCAGC-1,1,5
GGCTCTGCTCCAACGC-1,1,5
GGCTGAAATAGCAAAG-1,2,2
GGCTGAGCATCGTAAG-1,1,5
GGCTGGCTAGCTTAAA-1,1,5
GGCTTTCAATAAGGGT-1,2,2
GGGAACCACCTGTTTC-1,1,5
GGGAACGGGAGGTTAG-1,2,2
GGGAACGGTTTCAGAT-1,7,7
GGGAAGACGGTCTGTC-1,5,4
GGGAAGGGCTTTCTCA-1,5,4
GGGAATGAGCCCTCAC-1,1,5
GGGACAGAGTTACTCC-1,7,7
GGGACCCGTATATCTT-1,6,3
GGGACTGCATAGATAG-1,2,2
GGGAGAACTCACAGTA-1,2,2
GGGAGGATGCCCGAAA-1,2,2
GGGAGTAATGGCTGGC-1,1,5
GGGAGTTAATGAGGCG-1,5,4
GGGATGGACCCGCGTC-1,7,7
GGGATGGTCGTAACCG-1,6,3
GGGATTTACCGCACCT-1,5,4
GGGCAACCGCACGTGC-1,7,7
GGGCAGAGCAATCGTT-1,2,2
GGGCAGGATTTCTGTG-1,7,7
GGGCCATTCGTGCTGG-1,7,7
GGGCCCGTCTTAAACA-1,6,3
GGGCCCTACGAAAGGG-1,2,4
GGGCCGGCCGAAGTAC-1,5,4
GGGCCTAAATGGGCTA-1,2,2
GGGCGATATGTGTGAA-1,5,2
GGGCGGCAAATGAATT-1,7,7
GGGCGGGTTCCCTACG-1,6,3
GGGCGGTCCTATTGTC-1,1,5
GGGCGTACATTTATAT-1,5,4
GGGCGTCACCACGTAA-1,6,3
GGGCGTCCACTGGCTC-1,1,5
GGGCGTGGTTTCCCAG-1,5,4
GGGCGTTTACATTCAT-1,7,7
GGGCTATGATCGATGG-1,6,3
GGGCTCATCGAACCCA-1,1,5
GGGCTGCCTAGGGCGA-1,2,2
GGGCTGGTTAGTCGCG-1,2,2
GGGTAATGCTGTGTTT-1,2,2
GGGTACACTCTGGAGG-1,2,2
GGGTACCCACGGTCCT-1,1,5
GGGTACTTCATGAACT-1,2,2
GGGTATGTATGCACTT-1,2,2
GGGTATTCTAGCAAAC-1,7,7
GGGTCACCGTGACGGT-1,2,2
GGGTCACGTGCTTATG-1,2,5
GGGTCAGGAGCTAGAT-1,2,2
GGGTCATGCGTACCAT-1,1,5
GGGTCGTGGCAAGTGT-1,1,5
GGGTCTATCGCTTTCC-1,2,2
GGGTGACACCTTAACT-1,6,3
GGGTGCATATGAAAGC-1,4,5
GGGTGGTCCAGCCTGT-1,1,5
GGGTGTTTCAGCTATG-1,1,5
GGGTTAACATTTGAGT-1,6,3
GGGTTCAGACGAACAA-1,1,5
GGGTTTAGGATAGGAT-1,1,5
GGTAAACTCTGCGCTG-1,2,2
GGTAAATGTGCGTTAC-1,1,5
GGTAACCGGGAGGATA-1,7,7
GGTAACTATGTATCTG-1,1,5
GGTACAAACATGCTAT-1,6,3
GGTACATCTGGGACGA-1,2,2
GGTACCATTAAGACGG-1,1,5
GGTAGAAGACCGCCTG-1,2,2
GGTAGACCGTTGGGCG-1,6,3
GGTAGTGCTCGCACCA-1,5,2
GGTATAGTGACACATA-1,1,5
GGTATTGCCGAGTTTA-1,2,2
GGTCAAGACTACTTCG-1,1,5
GGTCACGTTAGATTCA-1,1,5
GGTCAGTGGGTCCCAC-1,6,2
GGTCATTGTAGTCATA-1,6,3
GGTCCTTCATACGACT-1,2,2
GGTCGGATAAACGGCG-1,1,5
GGTCGGCCAGGAGCTT-1,5,4
GGTCGGTAATTAGACA-1,1,5
GGTCGGTCGTCCACAG-1,6,3
GGTCGTAAGCTCGCAC-1,6,3
GGTCTCCGTCCAGGTT-1,1,5
GGTCTCTGAATGGACT-1,7,7
GGTCTGAGAATCTGGA-1,5,4
GGTCTTGAGCGCTCTT-1,2,2
GGTGAAACCGGGAATG-1,1,5
GGTGAACGGGCTAGCC-1,1,5
GGTGAAGTACAGGGAT-1,7,3
GGTGAGATGCAGATAA-1,1,5
GGTGATAAGGAGCAGT-1,5,4
GGTGATTTCATCTTGT-1,1,5
GGTGCAGAGCCTATCG-1,1,5
GGTGCATAAATGATTA-1,6,3
GGTGCGGATAAGTGGC-1,1,5
GGTGCTGATCACAAAG-1,1,2
GGTGCTGGTACACATT-1,6,3
GGTGGACCACGTGTTA-1,1,5
GGTGGACTGCTCTGGC-1,5,4
GGTGTAAATCGATTGT-1,6,3
GGTGTTCTGTTTCTAC-1,1,5
GGTTACCACCCTCGGG-1,6,3
GGTTAGCTATATGTCT-1,5,4
GGTTAGGCTTGGAGAA-1,2,2
GGTTAGTTACGGCGCC-1,1,2
GGTTCCACCCGCTTCT-1,1,5
GGTTCTACTCGTCTGA-1,1,5
GGTTGTATCGTGAAAT-1,2,1
GGTTGTGTAGCCTGGC-1,2,4
GGTTTAATTACCATCG-1,7,7
GGTTTACAATCTCAAT-1,1,5
GGTTTAGCCTTTCTTG-1,3,6
GGTTTCAATCGGTCAG-1,5,4
GGTTTGAGTGCTGGAA-1,1,5
GGTTTGTGACCTGAGG-1,1,5
GTAACATCTAAGATAA-1,1,5
GTAACTGCCCAAGGAG-1,6,3
GTAACTTGCGGCAGTC-1,1,5
GTAAGCGGGCAGTCAG-1,1,5
GTAAGGATTTGTCGGA-1,1,5
GTAAGTAACAGTCTGG-1,5,4
GTAAGTAGGGTATACC-1,2,2
GTAATAAAGGGCTCCC-1,1,5
GTAATCTGATTCTTCG-1,7,7
GTACACTTACCTGAAG-1,2,2
GTACAGAGGCAAGGGT-1,4,4
GTACGACGGCGCTGCG-1,1,5
GTACGAGATTGCGACA-1,5,4
GTACGCTTCATTGCAC-1,5,4
GTACGTCACGTATTAA-1,1,5
GTACGTTTGCCCGTCA-1,2,4
GTACTAAGATTTGGAG-1,5,4
GTACTCCCTTATCGCT-1,2,2
GTACTCCTGGGTATGC-1,1,5
GTACTGAGGTCGTAAC-1,1,5
GTACTGCATGAAGCGT-1,1,5
GTACTGGAGTTAGACC-1,5,4
GTACTTGGGCACTTCT-1,1,5
GTAGAAACGGGTGGAG-1,1,5
GTAGACAACCGATGAA-1,1,5
GTAGACACGCCTGACT-1,2,2
GTAGACGTCGTTACAT-1,1,5
GTAGAGGGAGACAAGT-1,7,7
GTAGCCAAACATGGGA-1,2,4
GTAGCGCTGTTGTAGT-1,6,3
GTAGCGGCTATACACT-1,2,2
GTAGCTAGTAAGCGCG-1,1,5
GTAGCTCCGGGAGGCT-1,7,7
GTAGCTTCCTCTTGTT-1,5,4
GTAGGTGATCCGTGTA-1,3,5
GTAGTCGCGGGAATCA-1,5,4
GTAGTCTACGATATTG-1,5,4
GTAGTTCGAAGGCGAA-1,7,7
GTATAATCTCCCGGAT-1,1,2
GTATAGGACTCAGTAG-1,5,4
GTATAGTGGCCCATGT-1,1,5
GTATATGTTACGGCGG-1,2,2
GTATCAAACGTTAGCT-1,3,4
GTATCAGCTTGGGTTC-1,1,5
GTATCCTTTGGTAACC-1,5,4
GTATCGGGACGAGCTG-1,2,2
GTATCTCAGTCTTGAC-1,7,7
GTATCTCCCTAACTGT-1,1,1
GTATCTTGTTGCTCAC-1,1,1
GTATCTTTCATAACCA-1,2,2
GTATGAAATTTCACTC-1,7,7
GTATGACGTGGGAAAC-1,2,2
GTATGTGGGTCTAGTT-1,3,6
GTATTAAGGCGTCTAA-1,1,5
GTATTCTGAGAAACGA-1,7,7
GTATTTAATGGCATAA-1,2,5
GTCAAAGAAGTGGTGT-1,7,7
GTCAAAGTTTACATAG-1,1,5
GTCAACCAGGCCTATA-1,1,5
GTCAAGCGGACTCGGG-1,5,4
GTCAATTGTACTGAAG-1,1,5
GTCACAAAGTTTCCAA-1,1,5
GTCACCTGTCTATGTC-1,1,5
GTCACTCTCCAAATCT-1,1,5
GTCAGAATAGTCTATG-1,2,2
GTCAGTTGTGCTCGTT-1,1,5
GTCAGTTTGGTAGTCG-1,1,5
GTCATCTCCTACAGCT-1,2,2
GTCATGCACCTCCGTT-1,5,2
GTCATGCGCGAGGGCT-1,1,5
GTCATGGACATGACTA-1,1,5
GTCATTAGAGCGAACG-1,6,2
GTCATTGCATTGACCC-1,2,2
GTCCAATATTTAGCCT-1,2,3
GTCCATTACTGCTACG-1,1,5
GTCCCAACGTAAAGTA-1,5,2
GTCCCGCGACGTTATG-1,5,4
GTCCGGACCTGAAATT-1,5,4
GTCCGGCTGAATTGCG-1,5,2
GTCCTACAGGCGGCTC-1,1,5
GTCCTACGAATAGTCT-1,5,4
GTCCTAGGATACCTTA-1,7,7
GTCCTTCTAGTGGGTT-1,1,5
GTCCTTTAATGACTTC-1,1,5
GTCGAATTTGGGCGCT-1,7,7
GTCGCCGTTGTGTGTT-1,7,7
GTCGCGTAACCCGTTG-1,5,4
GTCGGATATCTCAGAC-1,2,2
GTCGGATGTAGCGCGC-1,3,5
GTCGGGAAGCAGAAAC-1,2,2
GTCGTACCATCTCGGG-1,2,2
GTCGTATTGGCGTACA-1,1,5
GTCGTCAATTATAAGG-1,1,5
GTCGTGTCTGGTCATC-1,1,5
GTCGTTATTCGCTTAT-1,5,4
GTCTACTCAATTACAA-1,2,4
GTCTAGTGAGCCGCTT-1,5,4
GTCTATCTGAGTTTCT-1,2,3
GTCTATTGGTTCCGGT-1,5,4
GTCTCAAGGCCCGGCT-1,2,2
GTCTCCTGCCAGTATG-1,7,7
GTCTCGACTAAGTTTG-1,1,5
GTCTCGATCTGCTTTC-1,3,5
GTCTCGCCAACACGCC-1,4,1
GTCTGGGCGGTCGAGA-1,4,1
GTCTGTAGGTTGAACA-1,6,3
GTCTTAGTACAGCCGG-1,1,5
GTCTTGAGGAGCAGTG-1,1,5
GTCTTGTAGCTATTCA-1,3,6
GTGAAACGGCGCCACC-1,1,5
GTGAAACGTGCTCCAC-1,1,5
GTGAACTCCCATTCGA-1,1,5
GTGAAGATTTCAAGTG-1,1,5
GTGAAGCCGTATAGTC-1,1,5
GTGAAGTCACGACTCG-1,6,3
GTGACAGCTTCCCACT-1,5,2
GTGACCGCACACTACG-1,5,4
GTGACGAGGGTGACCC-1,3,6
GTGACGCAGGTTTCAT-1,5,2
GTGACTTCAGTAGTGC-1,6,3
GTGAGATAACCTTATA-1,6,3
GTGAGCGTGCTGCACT-1,2,2
GTGAGGACACTTAAGG-1,5,4
GTGAGGAGCGGTTGAG-1,1,5
GTGAGTGGTACAACGC-1,2,3
GTGATCAAGCGTGCAC-1,7,7
GTGATCACTAACGCCT-1,1,5
GTGATCATAGATCTGC-1,6,3
GTGATCCTTGTCATGA-1,5,4
GTGATGCACAACATCT-1,1,5
GTGATTCGCCGCTCAA-1,6,7
GTGCAACAAATGTGGC-1,1,5
GTGCACCAGCTTCAAC-1,2,2
GTGCACGAAAGTGACT-1,3,5
GTGCCATCACACGGTG-1,6,2
GTGCCCGTTCGGATTC-1,5,4
GTGCCGCTTCAAAGGT-1,7,3
GTGCCTAGCTATGCTT-1,2,2
GTGCCTCAGTGTACGG-1,1,5
GTGCGAAATCGAACAC-1,6,3
GTGCGACAGGGAGTGT-1,1,5
GTGCGCAGCTTGCTCC-1,2,2
GTGCGCTTACAAATGA-1,2,2
GTGCGGGACCATCGGC-1,1,5
GTGCGGGTCTCCAAAT-1,5,4
GTGCGTGTATATGAGC-1,5,4
GTGCTCAAGTACTGTC-1,2,2
GTGCTTACATCAGCGC-1,3,5
GTGGAACCTACATGCG-1,1,5
GTGGACCAACCCGATT-1,6,3
GTGGACGCATTTGTCC-1,2,2
GTGGACGTGCTGAGAC-1,1,5
GTGGAGCGTTTACCGA-1,7,7
GTGGAGTCGGCGGTTG-1,7,7
GTGGCAAACAGCGGCA-1,7,7
GTGGCCGGTTTCTCGG-1,7,7
GTGGCGGGCCGTAGCT-1,4,1
GTGGCGGTCCCAGCGT-1,2,2
GTGGCGTGCACCAGAG-1,2,5
GTGGGAAGACTGAATC-1,2,2
GTGGGCTTAGACACAC-1,2,2
GTGGTATAGTCTGCCG-1,7,7
GTGGTCAGCGAAGTAT-1,1,5
GTGGTGGCCAAGTGAA-1,5,4
GTGGTTACTTCTTTCG-1,1,5
GTGGTTTCCGCCTTTC-1,2,2
GTGTACCTTGGCTACG-1,5,5
GTGTATATCAGCGGGC-1,5,2
GTGTATGACTTTAAAG-1,1,5
GTGTCAGTGTACGTGG-1,6,3
GTGTCCGATAAGGCAT-1,1,5
GTGTCGTATAGCGTTC-1,2,2
GTGTGAATAACTTAGG-1,5,4
GTGTGAGCCGAGGTGC-1,1,5
GTGTTACTATGCGTCC-1,5,4
GTTAAAGTAGGACTGG-1,5,4
GTTAACATCACTTAAA-1,2,2
GTTAACTATGTTGTCA-1,3,6
GTTAAGGGTGCGATGT-1,2,2
GTTAAGTTAGAGTGGG-1,2,5
GTTAATGTCTATCTTA-1,1,5
GTTACAATTGGTGACG-1,2,2
GTTACCTACAACTTGC-1,2,2
GTTACGAAATCCACGC-1,2,2
GTTACTTTGGGCCTAG-1,6,3
GTTAGAGTGTGCCGCT-1,1,5
GTTAGCCCATGACATC-1,2,2
GTTAGCCGTAAATCAA-1,1,5
GTTAGGCTACCCGTTT-1,6,3
GTTATAATACGGTGAA-1,1,5
GTTATATTATCTCCCT-1,4,1
GTTATCACCTTCTGAA-1,1,5
GTTATTAAATACGACC-1,1,5
GTTATTAACGTGGGAG-1,1,5
GTTCAATCTATGTCAA-1,1,5
GTTCACAGGAGTCTAG-1,2,2
GTTCAGTCGCCAAATG-1,6,3
GTTCATCGTTTGGCTG-1,1,5
GTTCCAAGACAGCGAC-1,2,2
GTTCCAGTCTGACCAT-1,1,5
GTTCCGTCCGCCTGCA-1,6,3
GTTCGCCATAAGTGCC-1,6,2
GTTCGCTGAGACGTCT-1,1,5
GTTCGGATCGGGAACA-1,3,6
GTTCGGGCGTACCATT-1,1,5
GTTCGTCTAAAGAACT-1,5,4
GTTCGTTGCGGACCAG-1,1,5
GTTCTTCCCTCGATGT-1,1,5
GTTGAACCGGTTCCAT-1,6,3
GTTGAGTCCCGCCGGT-1,5,4
GTTGCACGGAGTTTCG-1,5,4
GTTGCGGACGGTCAGG-1,1,5
GTTGGATTCAGTGGCT-1,1,5
GTTGGATTGAGAACAC-1,5,4
GTTGGATTTGCGTTGG-1,2,2
GTTGGTCATGCTATCC-1,2,2
GTTGTCGTGTTAGTTG-1,1,5
GTTTACGTTCCATCTG-1,2,2
GTTTCAAACGAGTTGT-1,1,5
GTTTCATATCGTCGCT-1,2,2
GTTTCCTGGAGGGTGA-1,5,4
GTTTCTGCAGTCTCCC-1,5,4
GTTTGACCAAATCCTA-1,2,2
GTTTGAGCGGTTATGT-1,4,1
GTTTGGCCCAAGTTAT-1,5,4
GTTTGGCCGCTCAGCG-1,1,5
GTTTGGGCTTGTGAGC-1,2,2
GTTTGGGTTTCGCCCG-1,5,4
GTTTGGTAGGGTCAAC-1,2,2
GTTTGGTGATCGGTGC-1,7,7
TAAACCCAGGAGGGCA-1,7,7
TAAAGAGCCCGAAACC-1,1,5
TAAAGCGGTATTTCCA-1,7,3
TAAAGCGTTAGGAGAA-1,5,4
TAAAGCTGCAATAGGG-1,1,5
TAAAGGAGAAACTAGT-1,4,1
TAAATGAATCCGTTTC-1,1,5
TAAATGCCGTCTCATG-1,1,5
TAAATTTAGTAACACC-1,6,3
TAACAAAGGGAGAAGC-1,1,5
TAACAATATTTGTTGC-1,1,5
TAACAGCGTTTGTGCT-1,7,7
TAACATACAATGTGGG-1,2,2
TAACATACACGCGATC-1,7,7
TAACCGCCCGCAGTGC-1,1,5
TAACCTACCGTCCGAG-1,1,5
TAACCTAGGGAGTCCA-1,1,5
TAACGCTTTGAGAGCG-1,2,2
TAACTATCGAAGGTCC-1,1,5
TAACTATTACGCCAAA-1,1,5
TAACTCATCCGCGCGG-1,6,3
TAACTCCATGGAGGCT-1,1,5
TAAGAGGGACAGGGAC-1,7,7
TAAGATTTAGCGGGAG-1,2,2
TAAGCAGGCGACACGC-1,2,2
TAAGCGCGAATCAAAT-1,7,7
TAAGGAACTTGTGGGA-1,1,5
TAAGGCAACATAAGAT-1,3,6
TAAGGCATAACATCAA-1,6,3
TAAGGCCCGTCACCCT-1,2,2
TAAGGCTGAATCCCTC-1,1,5
TAAGGGCCTGTCCGAT-1,5,4
TAAGGGCTGGGAGAGG-1,2,2
TAAGTAAATGTGCCGC-1,1,5
TAAGTAACATCTTGAC-1,6,3
TAAGTCGCCGAGTATC-1,7,7
TAAGTTGCGACGTAGG-1,1,5
TAATAAACAAGGAGAT-1,1,5
TAATACACAGTAGTAT-1,1,5
TAATAGAACAGAGTTA-1,7,7
TAATAGGTCACCAGAA-1,7,7
TAATAGTGACGACCAG-1,5,4
TAATATTGAAATTCGC-1,1,5
TAATCGATCCGTACGT-1,1,5
TAATGAAAGACCCTTG-1,1,5
TAATTACGTCAGTAGA-1,1,5
TAATTAGATGGATATG-1,1,5
TAATTAGGACATCCGT-1,1,5
TAATTGGAATCGGGAA-1,1,5
TACAAATTGCGGAGGT-1,4,1
TACAACGCACAACTCA-1,6,3
TACAAGCTGTTCACTG-1,1,1
TACAAGTCTCGTGCAT-1,2,2
TACAGAAACGGTGGGC-1,5,4
TACATAGGCATACACC-1,2,2
TACATCCCTATCCCTG-1,2,2
TACATTTCTAACGTGC-1,2,3
TACCAAATAGCCCAGA-1,2,2
TACCAATAAAGTACCA-1,5,4
TACCAGAAGTAGGTTC-1,6,3
TACCAGCTAGGTTTAA-1,1,5
TACCAGGAATCCCGTC-1,7,7
TACCGCGGACTTGCAG-1,1,5
TACCGGCTCACTGCCC-1,2,2
TACCGGTCGTTTCCAT-1,6,3
TACCGTAGGTTAACTA-1,2,2
TACCGTGCCTCGGACC-1,2,4
TACCTACTCCCAGTAT-1,2,2
TACCTCACGCTTGTAC-1,1,5
TACCTCAGTTGTCTGT-1,6,3
TACCTCCACACCAATG-1,7,7
TACCTGCTGCACTGTG-1,1,2
TACCTTAAGATTTCCC-1,7,7
TACGAACACGACTTCA-1,2,2
TACGACGCTTGCTGCG-1,6,3
TACGACTGCCTCTTAG-1,2,2
TACGAGAACTTCACGT-1,2,2
TACGATGTTGATCATC-1,2,2
TACGCAGTTCTTTCCT-1,6,3
TACGCCATATTCTAAT-1,2,2
TACGCCGAGGGTACCC-1,7,7
TACGCCTCCATTCCGA-1,2,2
TACGCTATAGAAACCT-1,1,5
TACGCTCGGTATTGGA-1,1,5
TACGCTGCTGTGTTAA-1,7,7
TACGGGATGCTAGCAG-1,1,5
TACGTAAAGCGGAGTG-1,1,5
TACGTACTAGTGCTGA-1,7,7
TACGTGCACTATGCTG-1,1,5
TACGTTTACCGGCAAT-1,2,2
TACTATGGTTCCTCAG-1,7,3
TACTCCTCTAGTTGAC-1,7,7
TACTCGGCACGCCGGG-1,2,4
TACTCTCCGAACAAAT-1,3,5
TACTCTTACTTTACTG-1,1,5
TACTCTTTCGTCTTCA-1,6,3
TACTGAACAGATTTAG-1,7,7
TACTGAGGGAAGAAAG-1,7,7
TACTGCAATCAATTAC-1,1,5
TACTGGACAGCTCGGC-1,2,2
TACTGTTTCTCTGGTA-1,3,5
TACTTGTTAGTAGTCC-1,3,4
TACTTTACTGAGCCGG-1,1,5
TACTTTCCGCACGCCA-1,6,3
TAGAAACCACTAAGTA-1,1,5
TAGAAAGGTGGCGCTA-1,4,4
TAGAAATTCACGTATA-1,2,4
TAGAATAGCCGATGAA-1,1,5
TAGAATTAAGGGCAAC-1,1,5
TAGACGAAACGCCAAT-1,5,2
TAGACGCCCGTACCGG-1,5,4
TAGACTACCTAGCGTT-1,1,5
TAGAGATCATGCAACT-1,6,3
TAGAGCTACGAAGAAC-1,1,5
TAGAGGTTCTACTTGT-1,1,5
TAGAGTCTAAGCGAAC-1,2,2
TAGATATGGACTGGAA-1,6,3
TAGATCCGAAGTCGCA-1,1,5
TAGATGGTTCCTTACT-1,5,4
TAGATTCAAAGTGCGG-1,6,3
TAGATTCCTGGTTATT-1,2,2
TAGCAACCTGTCACAA-1,1,5
TAGCAGTATGACTAAA-1,1,5
TAGCCAGAGGGTCCGG-1,2,2
TAGCCATTTCAAAGTC-1,5,4
TAGCCGGCGGTCAGCG-1,5,4
TAGCGTCCCTCGATTG-1,1,6
TAGCGTCCGGTGTGGT-1,5,4
TAGCGTTGGGTCTTAC-1,2,2
TAGCTAAGTCCGGGAG-1,5,2
TAGCTAGAAGGCATGA-1,6,3
TAGCTAGTGATGATGG-1,6,3
TAGCTCGCCTGATAAC-1,6,3
TAGCTGATGTGAAGCG-1,2,2
TAGGAACAGCCTCCAG-1,1,5
TAGGCATGTTACGCCA-1,1,5
TAGGCCTATATAGTCT-1,2,2
TAGGCGATGAGGTCTC-1,6,3
TAGGCGGCTGCAAAGA-1,7,7
TAGGCTAAAGTGGCAC-1,1,5
TAGGGAGCTTGGGATG-1,1,5
TAGGGTGTTTCAAGAG-1,5,4
TAGGTCCAAGTAAGGA-1,2,2
TAGGTCGCCGGAACTG-1,1,5
TAGGTGACGATAACCT-1,5,4
TAGGTGAGCCCTACTC-1,2,2
TAGGTGCTCGCCTAGC-1,5,4
TAGGTGTTCCACAGAT-1,2,2
TAGGTTCGAGTTCGTC-1,2,2
TAGTACCACAACTTTC-1,7,7
TAGTACCTTAGTGGTC-1,1,5
TAGTAGCTTATACCAG-1,7,7
TAGTCCCGGAGACCAC-1,6,3
TAGTCCGCAGAGAATG-1,2,2
TAGTCCGTATGCATAA-1,1,5
TAGTCGATCACGGGTT-1,1,5
TAGTCTAACAACGAGA-1,2,2
TAGTCTGCGGCACATT-1,6,3
TAGTCTGTGACGTTGC-1,1,5
TAGTCTTTCCGAATTG-1,2,2
TAGTGCCCTCCAGAGT-1,2,2
TAGTGGAACTCATACA-1,1,5
TAGTGTCAGAAACGGC-1,1,5
TAGTTAAGATAGGATA-1,1,5
TAGTTTATTCTTGCTT-1,1,5
TATAAATCCACAAGCT-1,5,4
TATAAGTGAGGATAGC-1,1,5
TATACACAGACGCCTT-1,2,2
TATACACGCAAAGTAT-1,1,5
TATACCGAGTGCCACA-1,3,6
TATACGCGTCATCACT-1,2,2
TATACTCATGCGGCAA-1,1,5
TATAGAGTCGCTTGAA-1,6,3
TATAGATGGTCGCAGT-1,1,6
TATAGGGTACTCATGA-1,2,2
TATATAGGGCTTTACG-1,7,7
TATATATCGAGAAATG-1,7,7
TATATCAAAGTGATCT-1,6,3
TATATCCCTGGGAGGA-1,1,5
TATATTACAAATGTCG-1,1,5
TATATTCGCGTCGATA-1,1,5
TATCACAGCACGGGCA-1,1,5
TATCACCATGTAAAGT-1,1,5
TATCACCCAACCGACC-1,1,5
TATCACTTCGAGTAAC-1,1,5
TATCAGTGGCGTAGTC-1,6,3
TATCCAATTGGTTATC-1,5,4
TATCCATATCATGCGA-1,5,5
TATCCATCTCGGTTAG-1,7,7
TATCCGCACCGTCGGG-1,2,2
TATCCTATCAACTGGT-1,6,3
TATCCTGCATGGGAAT-1,1,5
TATCGATCTATGCATA-1,1,5
TATCGATGATTAAACG-1,5,4
TATCTACAGAGGTAAT-1,2,2
TATCTACCACAGCGGG-1,2,2
TATCTAGCCTAAAGGA-1,2,4
TATCTGAGCCGATATT-1,6,3
TATCTTGCAATACAAC-1,7,7
TATGAAGACAGGTGCG-1,1,2
TATGATAAATCTAACG-1,1,5
TATGATCCGGCACGCC-1,1,5
TATGATCTTCTCTTTA-1,5,4
TATGATTCTGCTTGGT-1,2,2
TATGCTCCCTACTTAC-1,1,5
TATGGAGTTTCTCGTT-1,2,2
TATGGATGTGCTACGC-1,5,4
TATGGCCCGGCCTCGC-1,2,2
TATGGGACCGAGCAGG-1,2,2
TATGGGTACGTATCGT-1,2,2
TATGGTCTGAGTAACA-1,2,2
TATGGTTAGTGGGAGA-1,1,5
TATGTAAAGTGCTTAA-1,6,3
TATGTAGAAACCCGGC-1,7,7
TATGTCAAGACCGACT-1,1,5
TATGTCTCATTGTGCC-1,5,4
TATTAACACCAAAGCA-1,6,3
TATTAACCTGACCGCG-1,7,7
TATTACCATCCTGCTT-1,3,6
TATTATGTTTGCCTGC-1,7,7
TATTCAATTCTAATCC-1,5,2
TATTCCACTCAGCTCG-1,6,3
TATTCCGAGCTGTTAT-1,5,4
TATTCCGGCAGTCCTA-1,1,5
TATTCCTCCGCCCACT-1,7,7
TATTCGTGCCAGAATA-1,2,2
TATTGCCGGGCTTGTA-1,2,4
TATTTAGTCTAGATCG-1,1,5
TATTTATACCGAGTAG-1,3,5
TATTTGATTTGCACAG-1,3,5
TATTTGTTACCCTTTA-1,5,4
TCAAACAACCGCGTCG-1,1,5
TCAAACTTAGATTGTT-1,2,2
TCAAATTTGAGACTCA-1,2,2
TCAACAAAGATAATTC-1,7,7
TCAACACATTGGGTAA-1,6,3
TCAACATAGCGCCCTA-1,7,7
TCAACATCGACCGAGA-1,2,2
TCAACCATGTTCGGGC-1,5,4
TCAACGAGGAGACAAA-1,6,3
TCAACGCAGGAAATAA-1,7,7
TCAACGCGACCGGCAG-1,2,2
TCAACTAACGTATAAC-1,2,2
TCAACTGCAGAGTCAG-1,1,5
TCAAGAAATACTAGCT-1,1,5
TCAAGCGCGGACGGTA-1,1,5
TCAAGGTTACTACACC-1,3,5
TCAATACGCCGTCATG-1,2,2
TCAATCCGGGAAGTTT-1,2,2
TCACAAACCGAGGTAC-1,5,4
TCACAGATCCTCAAAC-1,2,2
TCACAGCAAACTCGAA-1,7,7
TCACAGGAGAATAAGA-1,6,3
TCACAGGGAATCGCAA-1,2,2
TCACAGGTTATTGGGC-1,2,2
TCACATCTTATCTGAT-1,1,2
TCACCCTCTTAAGATT-1,2,2
TCACCGCTCGGCACTC-1,5,4
TCACGATGTCCGTGGA-1,7,7
TCACGCATTGTAGATC-1,2,2
TCACGGCCCAAGAGAG-1,7,7
TCACGGTCATCGCACA-1,5,4
TCACGTGCCCGATTCA-1,2,2
TCACTACGACCAATGC-1,1,5
TCACTATCGTGCAATC-1,2,2
TCACTCAGCGCATTAG-1,2,1
TCACTCGTGCAACGGC-1,1,5
TCAGAACCTCCACAGG-1,1,5
TCAGACGCTATAGAAG-1,5,4
TCAGCAAATGCATCTC-1,5,5
TCAGCAGTAGGCCCTG-1,7,7
TCAGCCAATCCGTAAA-1,1,5
TCAGGGCGCAAACTCG-1,1,5
TCAGGGTGCACGAAAC-1,1,5
TCAGGGTGTAACGTAA-1,1,5
TCAGGTTCTTTGAGAA-1,4,1
TCAGTACTGACCCGCG-1,2,2
TCAGTAGGGACTATAA-1,6,3
TCAGTGTATACGTCAT-1,7,7
TCAGTTACGGAATGAT-1,4,1
TCATACTTACAGATCC-1,1,5
TCATATGAGCTTTGTT-1,2,2
TCATCACTCGAGCTCG-1,1,5
TCATCCCAGAGGGTGG-1,1,5
TCATCGATGGTCCCAA-1,7,7
TCATGCAGGTTCTCAT-1,1,5
TCATTTAAGTCTCCGA-1,1,5
TCATTTAGAAGTGTGA-1,1,5
TCCAACTCAGCTATCT-1,5,4
TCCAACTTTAAATTCT-1,2,2
TCCAAGCCTAGACACA-1,2,2
TCCAATAAAGGCTACC-1,6,3
TCCACAATGGTTTACG-1,2,2
TCCACATCGTATATTG-1,2,2
TCCACCAAGACATAGG-1,2,2
TCCACCTCTAGCCTTT-1,6,3
TCCACTTTATCTAGGT-1,5,4
TCCAGAGCACCGGTTC-1,6,2
TCCAGCGCTATAAGCG-1,1,5
TCCAGGCGAGTACGGT-1,2,2
TCCAGGGTATATACGA-1,2,2
TCCATCAATACTAATC-1,7,7
TCCATTAGTTGGATAG-1,2,2
TCCATTGTGACCTCGT-1,1,5
TCCCAAACAGACAACG-1,1,5
TCCCAAAGACGAAGGA-1,5,5
TCCCAAAGCCCTAAAT-1,1,5
TCCCACGGAGGGAGCT-1,4,1
TCCCACTCTCTTCCGG-1,1,5
TCCCAGCTTTAGTCTG-1,2,2
TCCCAGGCTTAGCTAA-1,2,2
TCCCGCGTACTCCTGG-1,1,6
TCCCGGGTGTGCTGCT-1,2,2
TCCCGGTCAGGAATTT-1,1,5
TCCCGTCAGTCCCGCA-1,3,5
TCCCGTGTGCAATTTG-1,5,4
TCCCTAGATCAATAGG-1,1,5
TCCCTGGCGTATTAAC-1,7,7
TCCCTGGCTCGCTGGA-1,2,2
TCCCTTAGATTACTCG-1,1,5
TCCCTTGTCTGAAACT-1,3,4
TCCGAACTTGGCTTAC-1,2,2
TCCGAAGTAGTCACCA-1,1,5
TCCGAATGGTCCTGAG-1,3,6
TCCGACCGCTAATCAA-1,6,3
TCCGAGAAGGCTAAGC-1,1,5
TCCGATAATTGCCATA-1,1,5
TCCGATGACTGAGCTC-1,3,5
TCCGATGGTGCGACAT-1,5,4
TCCGATTACATTGCCG-1,2,2
TCCGCCTGTCTACAAG-1,2,2
TCCGCGGCAGCATCTG-1,5,4
TCCGCGGCCCAATGAA-1,1,5
TCCGCTGTCATCCCGG-1,5,4
TCCGCTTATCCCATTA-1,2,2
TCCGGAGGAAGGGCTG-1,1,5
TCCGGCCTAGCGTACA-1,1,5
TCCGGCCTGCATCGAT-1,1,5
TCCGGGCTTGACGGGA-1,5,4
TCCGGTTCGTCCGGTC-1,6,3
TCCGTAACCACAATCC-1,1,5
TCCGTTAAGCTAATAT-1,1,5
TCCGTTTAGCCTTGAA-1,5,4
TCCTAAATTGGGAAGC-1,2,2
TCCTAACCGTCGGGCA-1,7,7
TCCTACATCCACGGCC-1,5,4
TCCTAGCAAAGAAGCT-1,6,3
TCCTCCTAAGACATTC-1,6,3
TCCTCGGGCTGGGCTT-1,5,4
TCCTCTACGAGATGGC-1,2,2
TCCTCTCCAGTTGTCC-1,2,2
TCCTCTGGCCCATTAG-1,1,5
TCCTGCCAACTGGAGA-1,1,5
TCCTGCGTTGATACTC-1,2,2
TCCTGGCGCTGCCTGG-1,1,5
TCCTTACGACGGTCCG-1,1,5
TCCTTCAGTGGTCGAA-1,1,5
TCCTTGTCCTTTAATT-1,2,2
TCCTTTAAATCCGCTT-1,5,4
TCCTTTCTTACGCTTA-1,2,2
TCGAAATTTAGGACCA-1,2,2
TCGAAGAACCGAGCAC-1,3,6
TCGAATATCCCGCAGG-1,7,7
TCGACAACTGAACCCG-1,7,7
TCGAGACCAACACCGT-1,2,2
TCGAGCCAGGCAGGCC-1,7,7
TCGATAGGCTAGTCGC-1,1,5
TCGCAAAGATGCATTT-1,5,4
TCGCACCAGGAGGCAG-1,5,4
TCGCATAAAGGGCGCA-1,2,2
TCGCATCCCTAAGTGT-1,1,5
TCGCATTCAATGACTT-1,1,5
TCGCCCAACTGACTCC-1,2,5
TCGCCGAAGTTGCGTC-1,6,3
TCGCCGACATATTCGC-1,5,4
TCGCCGGTCGATCCGT-1,1,5
TCGCCTCGACCTGTTG-1,2,2
TCGCGTAGCAGTGTCC-1,2,2
TCGCGTCCAGAAGGTC-1,2,2
TCGCTAAACCGCTATC-1,1,5
TCGCTACTGGCTTTGA-1,5,2
TCGCTCGATATATTCC-1,5,2
TCGCTCGGCACCAGCG-1,1,5
TCGCTGGGCGGATTGT-1,1,5
TCGCTGTGCGTAAATC-1,1,5
TCGCTTTAAACGTTTG-1,5,4
TCGGAATGACCATCAA-1,1,5
TCGGAATGCGCTCTGA-1,2,2
TCGGACGCCCAGCCCA-1,5,4
TCGGAGAGTATCGGGA-1,6,3
TCGGAGTACATGAGTA-1,5,4
TCGGATCTGGATGACC-1,7,7
TCGGCGAACCCAAACC-1,1,5
TCGGCGTACTGCACAA-1,6,3
TCGGCTAACTTCCCTT-1,1,5
TCGGCTTGTATCGACG-1,5,4
TCGGGAACGTGCCTAG-1,1,5
TCGGGAGACAGCGTAC-1,2,2
TCGGGATTCAAACATA-1,2,2
TCGGGCACTTCTGGAT-1,2,2
TCGGGCCGTCGTGGTA-1,5,4
TCGGGTGAAACTGCTA-1,1,5
TCGGTCCCGACAATAG-1,7,7
TCGGTCCCTGACTCCA-1,1,5
TCGGTGACCGCTCCGG-1,1,5
TCGGTTAGCCATGTAG-1,1,5
TCGTAAGACGACATTG-1,5,5
TCGTAAGCTCCGAGGA-1,1,5
TCGTATAGTGCAATTA-1,1,5
TCGTATTACCCATTGC-1,2,2
TCGTATTTCGTCCGGA-1,1,5
TCGTCAAGTACGCGCA-1,7,7
TCGTCACACTGTTAGC-1,1,2
TCGTCCGCTGGCGTCT-1,5,4
TCGTCTTAGGCGTTAA-1,5,4
TCGTGTACTATGGATG-1,2,2
TCGTGTATTGGTCACG-1,1,5
TCGTGTCACGCTGACA-1,1,2
TCGTGTTCGACCACAA-1,1,5
TCGTTAGGAGTCCCTA-1,6,3
TCGTTCGTTATTATGT-1,1,5
TCGTTGCTATCCGGTC-1,7,7
TCGTTGGCTCGTCAAT-1,1,5
TCTAAAGAACAGTCTC-1,6,3
TCTAACTGTATGTAAA-1,1,5
TCTAATACTGCCTCAG-1,7,7
TCTACACGTTCATGCA-1,1,5
TCTACCCAATAGAGAG-1,1,5
TCTACCGTCCACAAGC-1,3,6
TCTAGCAATCTCCGCC-1,6,3
TCTAGCATCTTCGATG-1,5,4
TCTAGCATGCCCAGAA-1,2,2
TCTAGGTGGCGACGCT-1,1,5
TCTAGTGATATCGTGG-1,3,6
TCTAGTTATCAGAAGA-1,2,2
TCTATAGGTGGGTAAT-1,2,2
TCTATCATGCAGTTAC-1,1,5
TCTATCGGTCGCAACA-1,1,5
TCTATGCTATAACGAC-1,5,4
TCTATTACGCTGGCGA-1,1,5
TCTATTACTAGAGGAT-1,2,2
TCTCATGAGATAGGGT-1,5,4
TCTCCAACGTAGGTTA-1,3,5
TCTCCACAAGTTGAAT-1,6,6
TCTCCCTGGGCAGCGT-1,5,4
TCTCGAACGAGGTCAC-1,1,5
TCTCGACGTATCGCCG-1,3,6
TCTCGAGGAGGTTCGC-1,1,5
TCTCGGCTCCAGGACT-1,2,5
TCTCTAATAGCTGGTA-1,5,4
TCTCTCGCCGCACATA-1,1,5
TCTCTTACCGCGAACC-1,6,7
TCTGAACCGGTCGGCT-1,1,5
TCTGAACTCGTACCCG-1,1,5
TCTGAAGCACGTGGTC-1,5,4
TCTGAATTCCGTACAA-1,5,5
TCTGACTGTAATGGTT-1,2,2
TCTGAGCAATTGACTG-1,1,5
TCTGATGTATTCTGTC-1,5,4
TCTGCATACCTTGCTT-1,1,5
TCTGCCAGAAACTGCA-1,5,4
TCTGCGTCCGGTTTCT-1,1,5
TCTGGGAACCTTTGAA-1,3,6
TCTGGGTAGCGCTCAT-1,2,2
TCTGTCATACAAGAGC-1,1,5
TCTGTGACTGACCGTT-1,2,2
TCTGTGCCATCATAGT-1,5,4
TCTGTGGCTACATTTC-1,2,2
TCTGTTACCCAGCATA-1,7,7
TCTTACAGAGGTACCG-1,1,5
TCTTACCGGAACTCGT-1,1,5
TCTTACGGCATCCGAC-1,2,2
TCTTACTTATGCCTCT-1,1,5
TCTTAGAGCTCCAATT-1,1,5
TCTTAGAGTGAACTCT-1,3,6
TCTTATGGGTAGTACC-1,1,1
TCTTCCCATGGGCACA-1,1,5
TCTTCGAATAGACGTT-1,5,4
TCTTCGATACCAATAA-1,2,2
TCTTCTATAACCCGCC-1,1,5
TCTTGATGCGTAGCGA-1,2,2
TCTTGCTCCCGATACT-1,3,6
TCTTGGTAACACCAAA-1,3,5
TCTTTAAGACTATGAA-1,1,5
TCTTTAGAGTCTAACA-1,1,5
TCTTTCTCTTAAGGAG-1,1,5
TGAAACCTCAACTCAC-1,1,5
TGAAACTTATGCAAGC-1,1,5
TGAAAGGACCTGACTC-1,5,4
TGAACAAGCAGGGACT-1,7,7
TGAATACCGACGCGTA-1,2,2
TGAATGAGTGTTTCCC-1,6,3
TGAATGTCAGCCGGCC-1,1,5
TGACACTTCTCTTTGC-1,1,5
TGACAGGACAAGTCCA-1,6,3
TGACATCGAGCGGACC-1,1,5
TGACATGTAACGTGAC-1,6,3
TGACCAAATCTTAAAC-1,2,2
TGACCAGCTTCAAAGT-1,1,5
TGACCCAACTCACATT-1,1,5
TGACCCACGTTAGACA-1,2,2
TGACGAATATTTCCCT-1,2,2
TGACGATGCACTAGAA-1,1,5
TGACTATAATCCTTTC-1,2,2
TGACTCCGAATCATAC-1,7,7
TGAGAATGCTTTACCG-1,5,4
TGAGAGATTTACCACG-1,5,4
TGAGATCAAATACTCA-1,1,5
TGAGATTAGGCCCTAA-1,1,5
TGAGCAGTCGTGAAGT-1,1,5
TGAGCCATACAGTCTC-1,6,3
TGAGCGGAAAGTGTTC-1,2,2
TGAGCTTTAATGACGC-1,1,5
TGAGGAGTGCCAGCTT-1,2,2
TGAGGCATGTACTGTG-1,6,3
TGAGGTTGATCCCAAG-1,1,5
TGAGTAAATTAGCGTA-1,6,3
TGAGTGCCTCTTAAAT-1,7,3
TGAGTGGTCCGTGACG-1,5,4
TGAGTGTAACAACGGG-1,2,2
TGAGTTAAAGACATTC-1,1,5
TGATACATTTAGCCGT-1,7,7
TGATAGCGGGATTCTA-1,1,5
TGATCAGGGAACTGCT-1,2,2
TGATCCCAGCATTAGT-1,1,5
TGATCGGTTTGACCCT-1,5,2
TGATCTACGCTGATCT-1,3,5
TGATCTCCGGCGCCAG-1,2,2
TGATGGCTGTTTCTGA-1,3,5
TGATGGGACTAAGTCA-1,2,2
TGATGTCAATTAAGTG-1,1,5
TGATTATGGCACGCAG-1,1,5
TGATTCAGGTCCCGCG-1,2,2
TGATTCCCGGTTACCT-1,6,3
TGATTCGTCTATCACT-1,2,2
TGATTCTGTCGCCGGT-1,7,7
TGATTTATTAGCTGTG-1,2,2
TGATTTCCTCCTGACG-1,1,5
TGCAACCCATCTGCGG-1,5,4
TGCAAGAATGACGTAA-1,2,2
TGCAATCTAACACGGT-1,5,4
TGCAATTTGGGCACGG-1,1,5
TGCACAGTGAAGTTAT-1,1,5
TGCACGAGTCGGCAGC-1,1,5
TGCACTATGTGAGTGC-1,1,5
TGCAGAACTATATCGT-1,2,2
TGCAGAGTACCGAGCA-1,6,3
TGCAGATCGTCCTAGG-1,2,2
TGCAGCTACGTACTTC-1,2,2
TGCAGGATCGGCAAAG-1,1,5
TGCAGTGGTAGGGAAC-1,7,7
TGCAGTTTCCTCCCAT-1,5,4
TGCATATGTCTGTCAC-1,5,4
TGCATGGATCGGATCT-1,1,5
TGCATGTGACCCATAG-1,7,7
TGCATGTGGTAATCTA-1,5,5
TGCCAAAGTCAGACTT-1,2,2
TGCCAATGGGTACTCT-1,6,3
TGCCACCTGGCGAAAC-1,5,5
TGCCAGTACGTGGAGA-1,2,4
TGCCATGGCTTATAAG-1,1,5
TGCCATTACTAAAGAA-1,1,5
TGCCCGTACCGTTAAA-1,5,4
TGCCGGATGTACGAGC-1,7,7
TGCCGTGGATCGTCCT-1,2,2
TGCCTAATTGAAGATT-1,1,5
TGCCTGACATCGGTCA-1,1,5
TGCCTGATCAAACGAT-1,5,5
TGCCTTGGCCAGGCAA-1,5,4
TGCGAATATGGGATTT-1,2,2
TGCGACACCCTAGTGC-1,7,7
TGCGACGGCCGAACGT-1,7,7
TGCGAGAATATTACCC-1,7,7
TGCGAGCCCTTCCGCG-1,1,5
TGCGCAAAGCATTTGG-1,2,2
TGCGCGATTAACGGAG-1,5,2
TGCGGACTTGACTCCG-1,2,2
TGCGGAGTAAAGGTGC-1,3,6
TGCGGCATAGTTCAAC-1,1,5
TGCGGGTATTGGGATC-1,4,1
TGCGGTCTACGAGTAA-1,1,5
TGCGGTGAAATTTCAT-1,1,5
TGCGTAAGAACCTGAT-1,7,3
TGCGTCATGACTGAGC-1,7,7
TGCGTGATTGGGTGTC-1,2,2
TGCGTTTGTTGACACT-1,5,4
TGCTAAGTGTCTATTT-1,5,4
TGCTATACAAACGGAC-1,4,5
TGCTCCACAGTTCTTA-1,1,5
TGCTCGGCGAAACCCA-1,2,2
TGCTCGGTGGGTCACC-1,2,2
TGCTCTTGAGAGTTTG-1,5,2
TGCTGGTTGGACAATT-1,5,4
TGCTGTTGAAGAACTC-1,2,2
TGCTTAGAGAGAATGC-1,7,7
TGCTTCCCAAGCAGTA-1,2,2
TGGAAACGGAGTGAAC-1,2,2
TGGAACCACTGACACA-1,1,5
TGGAAGAAGGGAACGT-1,2,2
TGGAAGACGAACACCA-1,1,5
TGGAAGGATAAAGATG-1,1,5
TGGAATATCCTTGACC-1,1,5
TGGAATTAGACGCTTT-1,1,5
TGGACCAATCTAAGAT-1,5,4
TGGACGCAATCCAGCC-1,7,7
TGGACTGTTCGCTCAA-1,5,4
TGGAGAATAATCGTCC-1,6,3
TGGAGCTAAAGTTCCC-1,1,5
TGGAGTGATGCGATGA-1,2,2
TGGCAAACTAAATTAC-1,2,2
TGGCAACTCGCGCGCC-1,4,5
TGGCAAGCACAAGTCG-1,2,2
TGGCAATGGGACGGCG-1,1,5
TGGCACGAGCTCGAGT-1,1,5
TGGCAGATTACGATCA-1,6,3
TGGCAGCAGTAATAGT-1,2,2
TGGCATGAAGTTTGGG-1,7,7
TGGCCAAACTGAAGTA-1,5,5
TGGCCAATTTGGTACT-1,6,3
TGGCCGTATATTGACC-1,2,2
TGGCGACTGCTCCAAA-1,7,7
TGGCGATCAAGTTATG-1,6,3
TGGCGGTGTGCGATTG-1,1,5
TGGCTACACTCTACCT-1,1,5
TGGCTATGTGACATAC-1,5,4
TGGCTCTTGTCGCGTA-1,2,2
TGGCTTTGGGTAGACA-1,5,4
TGGGAAATGCCTTTCC-1,1,5
TGGGATGCACTCATTC-1,1,5
TGGGCAATAGTTGGGT-1,1,5
TGGGCACAAACAGAAC-1,1,5
TGGGCACGTTCTATGG-1,3,5
TGGGCAGGCCACCGCA-1,1,5
TGGGCCACAAGAGCGC-1,5,5
TGGGCCCATACTAATT-1,5,4
TGGGCCTTGCCTGCAT-1,2,2
TGGGCGATACAATAAG-1,6,3
TGGGTAAGGTTCCCGC-1,1,5
TGGTAAGCAGGATTGA-1,2,2
TGGTAGAATATATGGG-1,1,5
TGGTATCGCATCCCAA-1,1,5
TGGTATCGGTCTGTAT-1,1,5
TGGTCCCACGCTACGG-1,2,2
TGGTCTGTTGGGCGTA-1,2,2
TGGTGATCGTATTTGT-1,1,5
TGGTTAACTTACATTT-1,7,7
TGGTTCAACGGGTAAT-1,2,2
TGGTTCGTAGCAAAGG-1,5,4
TGGTTGGAGGATCCTG-1,1,5
TGGTTTAAACGTGGGT-1,1,5
TGTAACTTGTCAACCT-1,2,2
TGTAATGACCACAATA-1,2,4
TGTACCCGACCCTAAT-1,7,7
TGTACCTACACGAGGG-1,5,4
TGTACGAACAAATCCG-1,2,2
TGTACGCTATCAGCTT-1,4,1
TGTACTGTGCCAAAGT-1,1,5
TGTAGCCATCCCATTC-1,2,2
TGTAGGAGAAATTTCC-1,5,4
TGTAGTGATCTATAAT-1,2,2
TGTATAACAGATCCTG-1,5,5
TGTATCCTTATTCCAT-1,1,5
TGTATGGCGCAGACAG-1,1,5
TGTATTTACCTAATGC-1,1,5
TGTCATTTGTTGGGAA-1,1,5
TGTCCACGGCTCAACT-1,1,5
TGTCCCGACATAGCAC-1,1,5
TGTCCGTGGCGCCTTT-1,2,2
TGTCCTAAGTCACCGC-1,2,2
TGTCGGCATGGTGGAA-1,2,2
TGTCGTTATCACATAT-1,7,7
TGTCTACAGTTTCTGT-1,1,5
TGTGACTACGCCAGTC-1,5,5
TGTGAGACTAGCCCAA-1,2,2
TGTGATTCCAGCGCTT-1,1,5
TGTGCCGGTGCCGGAA-1,1,5
TGTGCTTTACGTAAGA-1,2,2
TGTGGAGGAAGCTTAA-1,1,1
TGTGGCAAAGCGTATG-1,5,4
TGTGGCGGGCTTCTGG-1,2,2
TGTGGCTCCCACCAAC-1,1,6
TGTGGTTGCTAAAGCT-1,6,3
TGTGTCGCGAGTTGCA-1,1,5
TGTGTTCGTATCCAAG-1,2,2
TGTTATTGTATGTGGC-1,5,4
TGTTCCGCTTCCATGA-1,2,2
TGTTCCGGCCTGAGCT-1,6,3
TGTTCGTATTGCGGTG-1,2,2
TGTTCTTCCATTGACT-1,2,2
TGTTGTCAAGAAGTCT-1,1,5
TGTTTAATACTTCATC-1,1,5
TGTTTCGGTACTTCTC-1,5,4
TGTTTCTGAAGCGTGC-1,7,7
TGTTTGAGATCGTCAG-1,1,5
TTAAACAGAGTCCCGC-1,1,5
TTAAACCGGTAGCGAC-1,1,5
TTAAACCTGGTTCCTT-1,1,5
TTAAACTCGAATTCAT-1,1,5
TTAACACCTCGAACAT-1,1,5
TTAACCAACCCTCCCT-1,5,4
TTAACGTCGCAAGACC-1,1,5
TTAACTCACGCGTGGA-1,1,5
TTAACTTCAGGTAGGA-1,6,3
TTAAGACGAACGAACC-1,1,5
TTAAGATAGGATTGAC-1,3,6
TTAAGCCGACAACTTC-1,1,5
TTAAGCGCCTGACCCA-1,2,2
TTAAGGATACGGAGGT-1,1,5
TTAAGGCCCGTACTTT-1,7,7
TTAAGTATTGTTATCC-1,5,4
TTAATCAGTACGTCAG-1,3,5
TTAATGCGAGGTAACT-1,1,5
TTAATGTAGACCAGGT-1,2,6
TTAATTGCTTTGGGTG-1,5,2
TTAATTTCAGACGCGG-1,3,5
TTACAACTACGCATCC-1,5,4
TTACACGATCTGCGAC-1,1,5
TTACAGACCTAAATGA-1,1,5
TTACATCGTGGCCTGG-1,1,5
TTACATGCCACAACTA-1,1,5
TTACCATTGATTACCC-1,2,2
TTACCCATTGCCGGGT-1,1,5
TTACCCTAACAGTCCT-1,1,5
TTACCCTAGGGATTGG-1,2,2
TTACCGCCTTAGGGAA-1,2,2
TTACGGATGGTTCGAG-1,5,5
TTACGGTGTCACCGAG-1,2,2
TTACGTAGCGCGTGCT-1,1,5
TTACTAAAGGACTTTA-1,2,2
TTACTATCGGCTTCTC-1,2,4
TTACTCCGGCCGGGAA-1,5,4
TTACTCTGGTACGTAC-1,6,3
TTACTGGGATATTTCA-1,6,3
TTACTGTTTCTCTACG-1,1,1
TTAGAAGAACATGACT-1,2,2
TTAGAATAAGGGTCGG-1,7,7
TTAGACACGATCGTTG-1,1,5
TTAGACGAGTCACCTC-1,2,2
TTAGAGTTTAGAAGGA-1,5,4
TTAGATAGGTCGATAC-1,2,2
TTAGCAACATGGATGT-1,1,5
TTAGCTAATACGATCT-1,1,5
TTAGCTCTGTAATCCG-1,2,2
TTAGCTGATTTGCCGT-1,3,6
TTAGGTCATAACCGAC-1,7,7
TTAGTAAACCTGCTCT-1,5,4
TTAGTAGGGCGGCGGG-1,2,2
TTAGTTATTCGTGGCA-1,5,4
TTAGTTCAAGTGTTCG-1,1,5
TTATAGATGCACATTA-1,1,5
TTATAGGTAATTGTCT-1,5,2
TTATATACGCTGTCAC-1,5,4
TTATATTTGGCAATCC-1,3,6
TTATCCAATCGAACTC-1,1,5
TTATCCGGGATCTATA-1,5,4
TTATCCTCAAGGAATA-1,6,3
TTATCGCCTGCGAAGC-1,1,5
TTATCTGACATTAGGA-1,2,2
TTATCTGTATCATAAC-1,1,5
TTATGAATGAAAGGGA-1,2,2
TTATGACAAACTGGAT-1,2,2
TTATGATCTTAACGAA-1,5,4
TTATGCGTCCCGGTCC-1,1,5
TTATGTTTGCGATAGA-1,1,5
TTATTAGAGCGTGTTC-1,5,4
TTATTAGGGAAGCATC-1,1,5
TTATTTCATCCCAAAC-1,2,2
TTCAAAGTCTCTAGCC-1,5,4
TTCAACGACCCGACCG-1,5,4
TTCAAGCCGAGCTGAG-1,1,5
TTCAATACTCTGAATC-1,5,4
TTCAATTAGCCATAAT-1,1,5
TTCACGAAAGGATCAC-1,2,2
TTCACTCGAGCACCTA-1,2,2
TTCACTTCCTAGAACG-1,6,3
TTCAGAGTAACCTGAC-1,2,2
TTCAGCCCTGGTCCAC-1,5,4
TTCAGCTGGCGTGCCC-1,3,4
TTCAGGCGTCAAAGCC-1,2,2
TTCAGTTCAAGAGGAG-1,6,3
TTCATAGCCTTGTAAC-1,2,2
TTCATGGCGCAACAGG-1,5,5
TTCCAATCAGAGCTAG-1,1,5
TTCCAATCTGGCTATC-1,7,7
TTCCACACAGATTTGA-1,7,7
TTCCACATTTCTCGTC-1,4,1
TTCCAGACGAGATTTA-1,1,5
TTCCATCATGCGGTGA-1,1,5
TTCCATCGACAGCGTG-1,1,5
TTCCCGACGCTTCACT-1,1,5
TTCCCGGCGCCAATAG-1,2,2
TTCCGCAGAGAAATAT-1,1,5
TTCCGCGTGAGGCGAT-1,2,2
TTCCGGCCTTGAGGCT-1,7,7
TTCCGGCTCGACTTCT-1,1,5
TTCCGGTATCTGTGTC-1,1,5
TTCCGGTTACCCACTT-1,5,4
TTCCTCGAGGGTGTCT-1,5,4
TTCCTCGGACTAACCA-1,5,4
TTCCTCTGCCCGAATA-1,2,4
TTCCTTTCTGTGTTGC-1,1,5
TTCGACAGAGCCCGTG-1,3,4
TTCGACGGGAAGGGCG-1,5,4
TTCGCACTCGCGTGCT-1,5,4
TTCGCACTGTACGACA-1,2,2
TTCGCATCCGGAAGCA-1,2,2
TTCGCCGCTCGCGCTA-1,7,7
TTCGCGCGCCATACGA-1,6,3
TTCGCTAGGAAGTTGT-1,1,5
TTCGCTATCTGACGTG-1,1,5
TTCGGACTGATGCCTT-1,1,5
TTCGGACTGGGCATGG-1,7,7
TTCGGCAACCCGCTGA-1,1,5
TTCGGCTAGAGATGGT-1,1,5
TTCGGGACTAATCGCG-1,2,2
TTCGGGCGCTAGTCTT-1,7,7
TTCGGTACTGTAGAGG-1,2,2
TTCGTAATCCCAGCGG-1,1,5
TTCGTACTCCAGAACG-1,2,2
TTCGTTCAACGAAGTT-1,1,5
TTCTAACCGAAGCTTA-1,5,4
TTCTACCTCAATCGGT-1,7,7
TTCTACCTTTATGTTG-1,1,5
TTCTACTTGCGAGGGC-1,1,5
TTCTAGAAAGTCTTAT-1,6,3
TTCTAGGCCAATTGTG-1,5,4
TTCTATTAAACGCAGC-1,2,2
TTCTCTTACAGGTGAT-1,7,7
TTCTGACCGGGCTCAA-1,5,4
TTCTGCCGCGCCTAGA-1,2,4
TTCTGCGAGCGCCCTT-1,2,2
TTCTGCGGGTTAGCGG-1,5,4
TTCTGCTAGACTCCAA-1,1,5
TTCTTAGTGAACGGTG-1,1,5
TTCTTAGTGGCTCAGA-1,1,5
TTCTTATCCGCTGGGT-1,1,5
TTCTTCCCTTTGATAT-1,1,1
TTCTTCGCAATAGAGC-1,4,1
TTCTTGAGCCGCGCTA-1,6,3
TTCTTGCTAGCATCTC-1,1,5
TTCTTGGACGATCTGC-1,7,7
TTCTTGGAGTAATGAG-1,3,5
TTCTTGTAACCTAATG-1,1,5
TTCTTTGGTCGCGACG-1,1,5
TTGAAAGGTGTAAAGG-1,1,5
TTGAACGAATCCTTTG-1,1,5
TTGAACGACGTGCTGA-1,5,4
TTGAAGAATTCCCAGG-1,2,2
TTGAAGGATGGGCGCC-1,7,7
TTGAATATGGACTTTC-1,5,4
TTGAATCGTTGTATAA-1,2,2
TTGAATTCACGTGAGG-1,3,6
TTGACAGGAGCTCCCG-1,1,5
TTGACATGAACGTGGA-1,6,3
TTGACCAGGAACAACT-1,5,4
TTGACCATGTTCTCCG-1,1,5
TTGACCGTGTTAATGA-1,7,7
TTGACGATTCAGCACG-1,1,5
TTGACGCTCCATGAGC-1,3,6
TTGACTACCATATGGT-1,6,3
TTGACTATTGTCCGGC-1,3,6
TTGAGAAGTTTAGCAT-1,5,4
TTGAGAGTACTGCTAA-1,7,3
TTGAGCAGCCCACGGT-1,1,6
TTGAGCGCCACGTGAT-1,3,5
TTGAGGCATTTAACTC-1,1,5
TTGATCTAACTTTGTC-1,2,2
TTGATGTGTAGTCCCG-1,1,5
TTGATTAGCTGTTTCT-1,7,7
TTGATTATGCAGATGA-1,4,1
TTGCAAGAAGACTCCT-1,2,2
TTGCACAATTCAGAAA-1,6,3
TTGCACGGAGCAGCAC-1,5,4
TTGCATGCTGATCACG-1,6,2
TTGCCAAGCAGAACCC-1,3,6
TTGCCATAGCCCGCTC-1,7,7
TTGCCCTGATCACGGG-1,2,2
TTGCCGCAGACCTACA-1,7,7
TTGCCGCTTTCTAGTA-1,5,4
TTGCCGGTGATCCCTC-1,1,5
TTGCCTAATCCAAAGT-1,7,7
TTGCGGCATCAGAAAG-1,7,7
TTGCGGCGACTCATGC-1,4,1
TTGCGTAGTTTGAGGA-1,1,5
TTGCGTCGGCCAACCG-1,7,7
TTGCGTGAACGCTTAG-1,1,5
TTGCTAGCTACCAATC-1,2,2
TTGCTCATAGTACGTG-1,2,2
TTGCTCCCATACCGGA-1,3,5
TTGCTGAAGGAACCAC-1,5,4
TTGCTGATCATGTTCG-1,2,2
TTGCTGCACCTATCCA-1,1,5
TTGCTGGCCGGGCTTC-1,1,5
TTGGAAGAATACAGTC-1,7,7
TTGGACATGTGGCTTA-1,2,2
TTGGACCATCTGGCAA-1,1,5
TTGGACCTATAACAGT-1,5,4
TTGGAGTCTCCCTTCT-1,1,5
TTGGATATCGTCTACG-1,6,3
TTGGATCGACTTCTGG-1,1,5
TTGGATTGGGTACCAC-1,1,5
TTGGCCATCTTGCGCT-1,1,5
TTGGCCTAGAATTTCG-1,1,5
TTGGCTCAATATGTGT-1,2,2
TTGGCTCGCATGAGAC-1,1,5
TTGGGAAGACGAGCCG-1,6,3
TTGGGACACTGCCCGC-1,1,5
TTGGGACGTAAGAGTT-1,1,5
TTGGGCGGCGGTTGCC-1,5,5
TTGGTCACACTCGTAA-1,6,3
TTGGTTGCGGTGCGCG-1,7,7
TTGTAAGGACCTAAGT-1,6,3
TTGTAAGGCCAGTTGG-1,5,5
TTGTAATCCGTACTCG-1,2,2
TTGTATCACACAGAAT-1,1,5
TTGTCGTTCAGTTACC-1,5,4
TTGTGAACCTAATCCG-1,5,4
TTGTGAGGCATGACGC-1,2,2
TTGTGCAGCCACGTCA-1,5,2
TTGTGGCCCTGACAGT-1,1,5
TTGTGGTAGGAGGGAT-1,7,7
TTGTGGTGGTACTAAG-1,1,5
TTGTGTATGCCACCAA-1,2,2
TTGTGTTTCCCGAAAG-1,2,2
TTGTTAGCAAATTCGA-1,5,4
TTGTTCAGTGTGCTAC-1,1,5
TTGTTGTGTGTCAAGA-1,5,4
TTGTTTCACATCCAGG-1,7,7
TTGTTTCATTAGTCTA-1,7,7
TTGTTTCCATACAACT-1,6,3
TTGTTTGTATTACACG-1,6,3
TTGTTTGTGTAAATTC-1,1,5
